{"stats":{"minecraft:picked_up":{"minecraft:birch_log":1,"minecraft:flower_pot":1,"minecraft:stone_brick_wall":1,"paraglider:spirit_orb":12,"tombstone:grave_key":1,"minecraft:cobblestone_wall":5,"minecraft:string":4,"minecraft:dirt":2,"minecraft:item_frame":3,"bhc:red_heart":1,"minecraft:red_carpet":1,"minecraft:stone_bricks":13,"terramity:accursed_soul":22,"minecraft:spruce_planks":10,"minecraft:beef":5,"minecraft:spruce_slab":1,"irons_spellbooks:inscription_table":1,"minecraft:iron_sword":2,"minecraft:spruce_trapdoor":4,"minecraft:book":3,"apotheosis:gem":4,"irons_spellbooks:frozen_bone":1,"minecraft:dandelion":3,"minecraft:spruce_stairs":1,"tombstone:grave_dust":2,"minecraft:lily_of_the_valley":1,"regions_unexplored:daisy":5,"regions_unexplored:felicia_daisy":1,"supplementaries:ash":1},"minecraft:mined":{"minecraft:red_carpet":1,"minecraft:grass_block":1,"minecraft:spawner":7,"irons_spellbooks:inscription_table":1},"minecraft:killed":{"minecraft:wolf":1,"minecraft:cave_spider":3,"minecraft:zombie":2,"born_in_chaos_v1:corpse_fly":2,"minecraft:stray":1,"terramity:cave_gnome":3,"minecraft:cow":2,"terramity:blue_fairy":1},"minecraft:dropped":{"minecraft:iron_sword":2,"alexsmobs:animal_dictionary":1,"minecraft:cobblestone_wall":5,"minecraft:iron_helmet":1,"minecraft:book":3,"minecraft:spruce_stairs":1,"evilcraft:flesh_humanoid":2,"patchouli:guide_book":4,"regions_unexplored:daisy":6,"minecraft:lily_of_the_valley":1,"minecraft:item_frame":3,"minecraft:dirt":2,"ars_nouveau:worn_notebook":1,"supplementaries:ash":1,"minecraft:flower_pot":1,"minecraft:spruce_trapdoor":4,"minecraft:spruce_planks":10,"tombstone:grave_key":2,"born_in_chaos_v1:corpse_maggot":1,"minecraft:stone_brick_wall":1,"apotheosis:gem":1,"theoneprobe:probenote":1,"minecraft:stone_bricks":13,"minecraft:spruce_slab":1,"minecraft:birch_log":1,"regions_unexplored:felicia_daisy":1,"minecraft:dandelion":3},"minecraft:used":{"minecraft:water_bucket":4,"minecraft:iron_sword":83,"minecraft:bread":2,"minecraft:iron_pickaxe":7,"tombstone:grave_key":26,"minecraft:bucket":4,"tombstone:gift":2},"minecraft:custom":{"lootr:looted_stat":25,"minecraft:mob_kills":16,"minecraft:open_barrel":6,"minecraft:damage_dealt_resisted":174,"minecraft:leave_game":6,"minecraft:time_since_death":752,"minecraft:climb_one_cm":1376,"minecraft:time_since_rest":568,"minecraft:damage_taken":5119,"minecraft:sprint_one_cm":93663,"minecraft:walk_one_cm":56772,"minecraft:drop":36,"minecraft:damage_dealt":3630,"minecraft:damage_dealt_absorbed":76,"minecraft:fly_one_cm":144629,"minecraft:play_time":34815,"tombstone:undead_killed":3,"minecraft:deaths":14,"minecraft:sneak_time":225,"minecraft:walk_under_water_one_cm":424,"minecraft:jump":400,"minecraft:walk_on_water_one_cm":3975,"minecraft:total_world_time":34815,"minecraft:fall_one_cm":9622},"minecraft:killed_by":{"minecraft:wolf":1,"minecraft:cave_spider":1,"minecraft:skeleton":3,"minecraft:stray":3,"minecraft:creeper":1,"minecraft:spider":1,"minecraft:witch":1,"minecraft:zombie":1,"born_in_chaos_v1:skeleton_thrasher_not_despawn":2}},"DataVersion":3465}