{"stats":{"minecraft:picked_up":{"minecraft:book":3,"minecraft:birch_log":1,"apotheosis:gem":2,"minecraft:flower_pot":1,"minecraft:dandelion":3,"minecraft:spruce_stairs":1,"tombstone:grave_key":1,"minecraft:lily_of_the_valley":1,"regions_unexplored:daisy":5,"minecraft:dirt":2,"minecraft:item_frame":1,"bhc:red_heart":1,"minecraft:stone_bricks":13,"regions_unexplored:felicia_daisy":1,"minecraft:spruce_planks":10,"minecraft:beef":5,"minecraft:spruce_trapdoor":4,"irons_spellbooks:inscription_table":1},"minecraft:mined":{"irons_spellbooks:inscription_table":1},"minecraft:killed":{"minecraft:wolf":1,"born_in_chaos_v1:corpse_fly":2,"terramity:cave_gnome":3,"minecraft:cow":2},"minecraft:dropped":{"minecraft:dirt":2,"ars_nouveau:worn_notebook":1,"minecraft:flower_pot":1,"alexsmobs:animal_dictionary":1,"minecraft:spruce_trapdoor":4,"minecraft:spruce_planks":10,"tombstone:grave_key":2,"apotheosis:gem":1,"theoneprobe:probenote":1,"minecraft:iron_helmet":1,"minecraft:book":3,"minecraft:stone_bricks":13,"minecraft:spruce_stairs":1,"minecraft:birch_log":1,"evilcraft:flesh_humanoid":1,"regions_unexplored:daisy":6,"regions_unexplored:felicia_daisy":1,"minecraft:item_frame":1,"patchouli:guide_book":4,"minecraft:dandelion":3,"minecraft:lily_of_the_valley":1},"minecraft:used":{"minecraft:water_bucket":4,"minecraft:bread":1,"minecraft:iron_sword":42,"tombstone:grave_key":8,"minecraft:bucket":4,"tombstone:gift":2},"minecraft:custom":{"minecraft:time_since_rest":4370,"lootr:looted_stat":22,"minecraft:sprint_one_cm":56266,"minecraft:damage_taken":2830,"minecraft:walk_one_cm":34255,"minecraft:mob_kills":8,"minecraft:drop":27,"minecraft:damage_dealt":1607,"minecraft:damage_dealt_absorbed":76,"minecraft:fly_one_cm":105795,"minecraft:play_time":22815,"minecraft:deaths":6,"minecraft:sneak_time":225,"minecraft:walk_under_water_one_cm":424,"minecraft:jump":222,"minecraft:damage_dealt_resisted":174,"minecraft:leave_game":6,"minecraft:walk_on_water_one_cm":3951,"minecraft:time_since_death":4591,"minecraft:climb_one_cm":1376,"minecraft:total_world_time":22815,"minecraft:fall_one_cm":8913},"minecraft:killed_by":{"minecraft:wolf":1,"minecraft:skeleton":3,"minecraft:creeper":1,"minecraft:witch":1}},"DataVersion":3465}