{"stats":{"minecraft:killed_by":{"minecraft:skeleton":3,"minecraft:creeper":1},"minecraft:custom":{"minecraft:time_since_rest":5649,"lootr:looted_stat":21,"minecraft:sprint_one_cm":43397,"minecraft:damage_taken":2269,"minecraft:walk_one_cm":26955,"minecraft:mob_kills":4,"minecraft:drop":15,"minecraft:damage_dealt":516,"minecraft:damage_dealt_absorbed":76,"minecraft:fly_one_cm":94608,"minecraft:play_time":15747,"minecraft:deaths":4,"minecraft:sneak_time":218,"minecraft:walk_under_water_one_cm":182,"minecraft:jump":164,"minecraft:damage_dealt_resisted":76,"minecraft:leave_game":3,"minecraft:walk_on_water_one_cm":3276,"minecraft:time_since_death":5801,"minecraft:climb_one_cm":1376,"minecraft:total_world_time":15747,"minecraft:fall_one_cm":7236},"minecraft:dropped":{"ars_nouveau:worn_notebook":1,"minecraft:dirt":2,"alexsmobs:animal_dictionary":1,"tombstone:grave_key":2,"theoneprobe:probenote":1,"minecraft:iron_helmet":1,"minecraft:birch_log":1,"patchouli:guide_book":4,"minecraft:dandelion":3},"minecraft:picked_up":{"minecraft:birch_log":1,"apotheosis:gem":1,"minecraft:dandelion":3,"tombstone:grave_key":1,"minecraft:dirt":2,"bhc:red_heart":1,"minecraft:beef":5,"irons_spellbooks:inscription_table":1},"minecraft:killed":{"terramity:cave_gnome":2,"minecraft:cow":2},"minecraft:mined":{"irons_spellbooks:inscription_table":1},"minecraft:used":{"minecraft:water_bucket":4,"minecraft:bread":1,"minecraft:iron_sword":14,"tombstone:grave_key":6,"minecraft:bucket":4,"tombstone:gift":2}},"DataVersion":3465}