{"stats":{"minecraft:custom":{"minecraft:jump":163,"minecraft:deaths":2,"minecraft:time_since_rest":1,"minecraft:damage_dealt":338,"minecraft:damage_taken":616,"minecraft:sprint_one_cm":10296,"minecraft:play_time":4492,"minecraft:walk_on_water_one_cm":566,"minecraft:time_since_death":117,"minecraft:walk_one_cm":8936,"minecraft:sneak_time":2,"minecraft:total_world_time":4492,"minecraft:leave_game":1,"minecraft:fall_one_cm":209,"minecraft:fly_one_cm":27884,"minecraft:crouch_one_cm":23},"minecraft:killed_by":{"minecraft:player":1,"alexsmobs:crocodile":1},"minecraft:mined":{"minecraft:grass":13,"minecraft:tall_grass":28,"regions_unexplored:duckweed":1},"minecraft:used":{"alexsmobs:animal_dictionary":6},"minecraft:picked_up":{"minecraft:wheat_seeds":5,"regions_unexplored:duckweed":1}},"DataVersion":3465}