{"stats":{"minecraft:killed_by":{"alexsmobs:crocodile":1,"minecraft:player":1},"minecraft:custom":{"minecraft:time_since_rest":10514,"minecraft:crouch_one_cm":56,"minecraft:sprint_one_cm":18916,"minecraft:play_time":16543,"minecraft:damage_taken":816,"minecraft:deaths":2,"minecraft:walk_one_cm":21957,"minecraft:sneak_time":131,"minecraft:walk_under_water_one_cm":159,"minecraft:drop":3,"minecraft:jump":301,"minecraft:damage_dealt":797,"minecraft:leave_game":1,"minecraft:time_since_death":12168,"minecraft:walk_on_water_one_cm":2245,"minecraft:total_world_time":16543,"minecraft:swim_one_cm":1233,"minecraft:fall_one_cm":838,"minecraft:fly_one_cm":40781},"minecraft:used":{"alexsmobs:animal_dictionary":6},"minecraft:mined":{"minecraft:grass":23,"minecraft:tall_grass":48,"regions_unexplored:duckweed":1,"minecraft:moss_block":1},"minecraft:dropped":{"tombstone:grave_dust":1,"regions_unexplored:duckweed":1,"evilcraft:flesh_humanoid":1},"minecraft:picked_up":{"regions_unexplored:duckweed":1,"minecraft:wheat_seeds":8,"tombstone:grave_dust":2}},"DataVersion":3465}