{"stats":{"minecraft:picked_up":{"minecraft:birch_log":2,"born_in_chaos_v1:spiritual_dust":4,"minecraft:flower_pot":1,"born_in_chaos_v1:seedof_chaos":3,"born_in_chaos_v1:black_argillite_brick_wall":1,"minecraft:stone_brick_wall":1,"paraglider:spirit_orb":16,"evilcraft:flesh_humanoid":1,"minecraft:oak_log":4,"tombstone:grave_key":1,"minecraft:cobblestone_wall":5,"paraglider:goddess_statue":1,"minecraft:dirt":2,"minecraft:string":7,"minecraft:item_frame":3,"bhc:red_heart":1,"minecraft:red_carpet":1,"minecraft:bone":2,"minecraft:stone_bricks":13,"terramity:accursed_soul":31,"minecraft:spruce_planks":10,"minecraft:beef":5,"minecraft:spruce_slab":1,"minecraft:iron_sword":2,"irons_spellbooks:inscription_table":1,"minecraft:spruce_trapdoor":4,"knightlib:small_essence":1,"minecraft:book":3,"minecraft:dark_oak_slab":2,"apotheosis:gem":4,"born_in_chaos_v1:shattered_skull":3,"irons_spellbooks:frozen_bone":1,"born_in_chaos_v1:orbofthe_summoner":2,"minecraft:dandelion":3,"minecraft:spruce_stairs":1,"minecraft:spider_eye":1,"tombstone:grave_dust":2,"born_in_chaos_v1:pieceofdarkmetal":3,"minecraft:lily_of_the_valley":1,"regions_unexplored:daisy":5,"minecraft:bundle":1,"waystones:waystone":1,"regions_unexplored:felicia_daisy":1,"minecraft:iron_block":2,"supplementaries:ash":1,"tombstone:magic_scroll":1,"minecraft:iron_bars":2,"minecraft:dark_oak_fence":1},"minecraft:mined":{"minecraft:red_carpet":1,"minecraft:dark_oak_fence":1,"born_in_chaos_v1:dark_metal_deposit":1,"minecraft:grass_block":1,"born_in_chaos_v1:black_argillite_brick_wall":1,"minecraft:dead_tube_coral_block":1,"minecraft:spawner":8,"minecraft:dark_oak_slab":1,"minecraft:birch_log":1,"minecraft:oak_log":3,"minecraft:iron_bars":2,"regions_unexplored:medium_grass":2,"born_in_chaos_v1:black_argillite_n":1,"irons_spellbooks:inscription_table":1,"minecraft:iron_block":2,"paraglider:goddess_statue":1},"minecraft:killed":{"minecraft:wolf":1,"minecraft:cave_spider":3,"born_in_chaos_v1:bone_imp_minion":2,"minecraft:spider":3,"minecraft:zombie":2,"born_in_chaos_v1:corpse_fly":2,"born_in_chaos_v1:bonescaller_not_despawn":2,"minecraft:stray":1,"terramity:cave_gnome":3,"born_in_chaos_v1:supreme_bonescaller_stage_2":1,"minecraft:cow":2,"terramity:blue_fairy":1},"minecraft:dropped":{"minecraft:iron_sword":2,"born_in_chaos_v1:shattered_skull":2,"alexsmobs:animal_dictionary":1,"minecraft:cobblestone_wall":5,"minecraft:dark_oak_slab":2,"minecraft:iron_helmet":1,"minecraft:book":3,"born_in_chaos_v1:orbofthe_summoner":2,"born_in_chaos_v1:spiritual_dust":4,"born_in_chaos_v1:pieceofdarkmetal":1,"terramity:music_sheet_of_untimely_death":1,"minecraft:spruce_stairs":1,"evilcraft:flesh_humanoid":4,"minecraft:chainmail_chestplate":1,"patchouli:guide_book":4,"regions_unexplored:daisy":6,"minecraft:item_frame":3,"minecraft:lily_of_the_valley":1,"minecraft:dirt":2,"ars_nouveau:worn_notebook":1,"supplementaries:ash":1,"minecraft:flower_pot":1,"minecraft:dark_oak_fence":1,"minecraft:spruce_trapdoor":4,"minecraft:spruce_planks":10,"tombstone:grave_key":2,"born_in_chaos_v1:corpse_maggot":1,"minecraft:stone_brick_wall":1,"apotheosis:gem":1,"theoneprobe:probenote":1,"minecraft:spider_eye":2,"minecraft:stone_bricks":13,"born_in_chaos_v1:black_argillite_brick_wall":1,"minecraft:spruce_slab":1,"minecraft:iron_bars":2,"minecraft:birch_log":1,"regions_unexplored:felicia_daisy":1,"minecraft:dandelion":3},"minecraft:used":{"minecraft:water_bucket":10,"minecraft:iron_sword":201,"minecraft:crafting_table":2,"minecraft:bread":2,"minecraft:iron_pickaxe":21,"tombstone:grave_key":32,"minecraft:bucket":10,"tombstone:gift":3},"minecraft:custom":{"lootr:looted_stat":51,"minecraft:mob_kills":24,"minecraft:interact_with_crafting_table":2,"minecraft:open_barrel":16,"minecraft:damage_dealt_resisted":1575,"minecraft:leave_game":7,"minecraft:time_since_death":326,"minecraft:climb_one_cm":1376,"minecraft:time_since_rest":132,"minecraft:damage_taken":8609,"minecraft:walk_one_cm":87423,"minecraft:sprint_one_cm":158535,"minecraft:drop":53,"minecraft:damage_dealt":7331,"minecraft:swim_one_cm":2585,"minecraft:damage_dealt_absorbed":76,"minecraft:fly_one_cm":182644,"minecraft:crouch_one_cm":438,"minecraft:play_time":59791,"tombstone:undead_killed":8,"minecraft:deaths":23,"minecraft:sneak_time":354,"minecraft:walk_under_water_one_cm":2898,"minecraft:jump":574,"minecraft:interact_with_brewingstand":1,"minecraft:walk_on_water_one_cm":6152,"minecraft:total_world_time":59791,"minecraft:fall_one_cm":13951},"minecraft:crafted":{"minecraft:oak_planks":12,"sophisticatedbackpacks:backpack":1,"minecraft:crafting_table":2,"sophisticatedbackpacks:gold_backpack":1,"minecraft:birch_planks":4,"minecraft:leather":16,"quark:oak_chest":1,"minecraft:iron_ingot":18,"sophisticatedbackpacks:iron_backpack":1},"minecraft:killed_by":{"man:managgresive":2,"born_in_chaos_v1:baby_skeleton_minion":1,"minecraft:wolf":1,"minecraft:cave_spider":1,"minecraft:skeleton":3,"minecraft:stray":3,"minecraft:creeper":1,"born_in_chaos_v1:supreme_bonescaller_not_despawn":1,"minecraft:spider":2,"minecraft:witch":1,"minecraft:zombie":1,"born_in_chaos_v1:skeleton_thrasher_not_despawn":2,"born_in_chaos_v1:supreme_bonescaller_stage_2":1,"born_in_chaos_v1:bone_imp_minion":1,"born_in_chaos_v1:bonescaller_not_despawn":1}},"DataVersion":3465}