{"stats":{"minecraft:killed_by":{"alexsmobs:crocodile":2,"minecraft:player":1},"minecraft:custom":{"minecraft:time_since_rest":7432,"minecraft:crouch_one_cm":56,"minecraft:play_time":26108,"minecraft:sprint_one_cm":27265,"minecraft:damage_taken":1005,"minecraft:deaths":3,"minecraft:walk_one_cm":33019,"minecraft:sneak_time":131,"minecraft:walk_under_water_one_cm":159,"minecraft:drop":3,"minecraft:jump":423,"minecraft:damage_dealt":807,"minecraft:leave_game":3,"minecraft:time_since_death":7653,"minecraft:walk_on_water_one_cm":4106,"minecraft:total_world_time":26108,"minecraft:swim_one_cm":1233,"minecraft:talked_to_villager":2,"minecraft:fall_one_cm":1883,"minecraft:fly_one_cm":65030},"minecraft:used":{"alexsmobs:animal_dictionary":6,"tombstone:grave_key":1},"minecraft:mined":{"minecraft:grass":50,"minecraft:tall_grass":85,"regions_unexplored:duckweed":1,"minecraft:sugar_cane":1,"minecraft:moss_block":1},"minecraft:dropped":{"tombstone:grave_dust":1,"regions_unexplored:duckweed":1,"evilcraft:flesh_humanoid":1},"minecraft:picked_up":{"regions_unexplored:duckweed":1,"minecraft:wheat_seeds":19,"tombstone:grave_dust":2,"minecraft:sugar_cane":2}},"DataVersion":3465}