{"stats":{"minecraft:picked_up":{"minecraft:birch_log":8,"minecraft:wheat":2,"minecraft:crafting_table":1,"minecraft:leather_leggings":1,"minecraft:filled_map":1,"paraglider:spirit_orb":2,"bhc:red_heart":1,"minecraft:bone":6,"terramity:accursed_soul":4,"minecraft:smooth_stone":1,"minecraft:written_book":2,"minecraft:iron_nugget":1,"twilightforest:canopy_stairs":1,"sophisticatedbackpacks:backpack":1,"minecraft:porkchop":2,"twilightforest:canopy_log":6,"minecraft:stripped_spruce_log":2,"minecraft:spruce_log":1,"immersive_weathering:permafrost":3,"twilightforest:firefly":1,"minecraft:white_candle":3,"minecraft:arrow":3,"ars_nouveau:worn_notebook":1,"minecraft:coal":6,"minecraft:mutton":3,"twilightforest:torchberries":2},"minecraft:mined":{"twilightforest:firefly":1,"minecraft:mossy_cobblestone":1,"immersive_weathering:grassy_permafrost":2,"minecraft:crafting_table":1,"immersive_weathering:birch_leaf_pile":1,"realmrpg_skeletons:dungeon_crawler_skeleton":1,"minecraft:spawner":1,"immersive_weathering:permafrost":3,"realmrpg_skeletons:bow_skeleton":2,"minecraft:birch_log":8,"minecraft:spruce_log":1,"twilightforest:canopy_planks":1,"minecraft:birch_leaves":1,"twilightforest:canopy_leaves":4,"minecraft:dirt":2,"twilightforest:canopy_stairs":1,"minecraft:packed_ice":5,"twilightforest:canopy_log":7},"minecraft:killed":{"twilightforest:boar":2,"twilightforest:kobold":3,"twilightforest:skeleton_druid":1,"minecraft:sheep":1,"minecraft:zombie":1,"twilightforest:bighorn_sheep":1},"minecraft:broken":{"minecraft:leather_leggings":1},"minecraft:dropped":{"minecraft:white_candle":3,"evilcraft:flesh_humanoid":1,"ars_nouveau:worn_notebook":1,"immersive_weathering:permafrost":1},"minecraft:used":{"minecraft:wooden_pickaxe":2,"minecraft:crafting_table":1,"minecraft:spruce_log":1,"relics:horse_flute":3,"minecraft:wooden_axe":24,"twilightforest:firefly":1,"minecraft:bread":6,"tombstone:grave_key":3,"minecraft:wooden_sword":45,"immersive_weathering:permafrost":1,"minecraft:written_book":1,"minecraft:cooked_porkchop":5,"tombstone:gift":4,"minecraft:potato":1,"minecraft:smooth_stone":1},"minecraft:custom":{"lootr:looted_stat":5,"minecraft:mob_kills":9,"minecraft:interact_with_crafting_table":2,"minecraft:damage_dealt_resisted":17,"minecraft:time_since_death":5996,"minecraft:climb_one_cm":57,"minecraft:time_since_rest":5884,"minecraft:sprint_one_cm":91243,"minecraft:damage_taken":2023,"minecraft:walk_one_cm":96395,"minecraft:drop":4,"minecraft:damage_dealt":1639,"minecraft:damage_dealt_absorbed":22,"minecraft:swim_one_cm":12471,"minecraft:fly_one_cm":292299,"minecraft:crouch_one_cm":1141,"minecraft:play_time":36014,"tombstone:undead_killed":2,"minecraft:deaths":6,"minecraft:sneak_time":733,"minecraft:walk_under_water_one_cm":12421,"minecraft:jump":959,"minecraft:walk_on_water_one_cm":3424,"minecraft:total_world_time":36014,"minecraft:fall_one_cm":31327},"minecraft:crafted":{"minecraft:wooden_sword":1,"minecraft:crafting_table":1,"minecraft:spruce_planks":8,"minecraft:wooden_pickaxe":1,"minecraft:birch_planks":8,"minecraft:stick":8,"minecraft:wooden_axe":1,"twilightforest:canopy_planks":24},"minecraft:killed_by":{"twilightforest:redcap_sapper":1,"minecraft:skeleton":2,"twilightforest:kobold":2}},"DataVersion":3465}