{"stats":{"minecraft:picked_up":{"ars_nouveau:worn_notebook":1},"minecraft:dropped":{"ars_nouveau:worn_notebook":1},"minecraft:used":{"minecraft:bread":1,"relics:horse_flute":2,"minecraft:potato":1},"minecraft:custom":{"minecraft:jump":33,"minecraft:time_since_rest":6845,"lootr:looted_stat":2,"minecraft:damage_taken":230,"minecraft:play_time":6845,"minecraft:sprint_one_cm":4435,"minecraft:time_since_death":6845,"minecraft:walk_one_cm":8401,"minecraft:sneak_time":2,"minecraft:total_world_time":6845,"minecraft:fly_one_cm":7245,"minecraft:fall_one_cm":5925,"minecraft:drop":1}},"DataVersion":3465}