{"stats":{"minecraft:picked_up":{"minecraft:birch_log":8,"minecraft:crafting_table":1,"minecraft:leather_leggings":1,"minecraft:filled_map":1,"twilightforest:canopy_log":6,"minecraft:stripped_spruce_log":2,"minecraft:spruce_log":1,"immersive_weathering:permafrost":2,"minecraft:white_candle":3,"minecraft:bone":2,"ars_nouveau:worn_notebook":1,"minecraft:smooth_stone":1,"minecraft:iron_nugget":1,"minecraft:mutton":2},"minecraft:mined":{"immersive_weathering:permafrost":3,"immersive_weathering:grassy_permafrost":2,"minecraft:birch_log":8,"minecraft:spruce_log":1,"minecraft:birch_leaves":1,"minecraft:crafting_table":1,"immersive_weathering:birch_leaf_pile":1,"twilightforest:canopy_leaves":4,"minecraft:packed_ice":5,"twilightforest:canopy_log":7},"minecraft:killed":{"minecraft:sheep":1},"minecraft:dropped":{"ars_nouveau:worn_notebook":1,"minecraft:white_candle":3},"minecraft:used":{"minecraft:wooden_axe":17,"relics:horse_flute":3,"minecraft:bread":5,"tombstone:grave_key":2,"minecraft:wooden_sword":5,"immersive_weathering:permafrost":1,"minecraft:crafting_table":1,"tombstone:gift":4,"minecraft:potato":1,"minecraft:spruce_log":1,"minecraft:smooth_stone":1},"minecraft:custom":{"minecraft:time_since_rest":1045,"lootr:looted_stat":3,"minecraft:sprint_one_cm":34080,"minecraft:damage_taken":1252,"minecraft:walk_one_cm":53828,"minecraft:mob_kills":1,"minecraft:drop":2,"minecraft:damage_dealt":122,"minecraft:swim_one_cm":2430,"minecraft:damage_dealt_absorbed":22,"minecraft:interact_with_crafting_table":2,"minecraft:fly_one_cm":68679,"minecraft:crouch_one_cm":1042,"minecraft:play_time":18845,"minecraft:deaths":4,"minecraft:sneak_time":479,"minecraft:walk_under_water_one_cm":143,"minecraft:jump":272,"minecraft:damage_dealt_resisted":17,"minecraft:walk_on_water_one_cm":103,"minecraft:time_since_death":1291,"minecraft:climb_one_cm":57,"minecraft:total_world_time":18845,"minecraft:fall_one_cm":21806},"minecraft:crafted":{"minecraft:wooden_sword":1,"minecraft:crafting_table":1,"minecraft:spruce_planks":8,"minecraft:stick":8,"minecraft:wooden_pickaxe":1,"minecraft:wooden_axe":1,"minecraft:birch_planks":8},"minecraft:killed_by":{"twilightforest:redcap_sapper":1,"minecraft:skeleton":2}},"DataVersion":3465}