{"stats":{"minecraft:picked_up":{"minecraft:birch_log":8,"minecraft:wheat":2,"minecraft:crafting_table":3,"twilightforest:twilight_oak_log":11,"minecraft:leather_leggings":1,"minecraft:filled_map":1,"paraglider:spirit_orb":2,"bhc:red_heart":1,"minecraft:bone":6,"minecraft:stone_bricks":2,"terramity:accursed_soul":4,"minecraft:cracked_stone_bricks":2,"minecraft:gold_nugget":9,"minecraft:smooth_stone":1,"minecraft:written_book":2,"minecraft:iron_nugget":1,"twilightforest:canopy_stairs":2,"minecraft:stick":4,"sophisticatedbackpacks:backpack":1,"minecraft:porkchop":2,"twilightforest:canopy_log":13,"minecraft:stripped_spruce_log":2,"tombstone:grave_dust":4,"minecraft:spruce_log":1,"immersive_weathering:permafrost":3,"twilightforest:firefly":1,"minecraft:white_candle":3,"minecraft:arrow":3,"ars_nouveau:worn_notebook":1,"minecraft:coal":6,"minecraft:mutton":3,"twilightforest:torchberries":2,"minecraft:cobblestone":16,"minecraft:oxeye_daisy":1},"minecraft:mined":{"twilightforest:firefly":1,"minecraft:mossy_cobblestone":1,"immersive_weathering:grassy_permafrost":2,"minecraft:crafting_table":3,"immersive_weathering:birch_leaf_pile":1,"minecraft:grass_block":7,"twilightforest:twilight_oak_log":11,"minecraft:tall_grass":3,"realmrpg_skeletons:dungeon_crawler_skeleton":1,"minecraft:spawner":1,"immersive_weathering:permafrost":3,"realmrpg_skeletons:bow_skeleton":2,"minecraft:birch_log":8,"minecraft:spruce_log":1,"twilightforest:canopy_planks":1,"minecraft:birch_leaves":1,"minecraft:grass":4,"twilightforest:canopy_leaves":4,"minecraft:dirt":10,"twilightforest:canopy_stairs":1,"minecraft:packed_ice":5,"minecraft:cracked_stone_bricks":2,"minecraft:stone":16,"minecraft:stone_bricks":2,"twilightforest:canopy_log":15},"minecraft:killed":{"twilightforest:boar":2,"twilightforest:kobold":3,"twilightforest:skeleton_druid":1,"minecraft:sheep":1,"minecraft:zombie":1,"twilightforest:bighorn_sheep":1},"minecraft:broken":{"minecraft:leather_leggings":1},"minecraft:dropped":{"twilightforest:canopy_stairs":1,"minecraft:white_candle":3,"evilcraft:flesh_humanoid":1,"minecraft:oxeye_daisy":1,"ars_nouveau:worn_notebook":1,"minecraft:melon_seeds":8,"tombstone:grave_dust":2,"immersive_weathering:permafrost":1},"minecraft:used":{"quark:birch_chest":1,"minecraft:wooden_pickaxe":22,"minecraft:wooden_shovel":16,"minecraft:crafting_table":4,"minecraft:spruce_log":1,"relics:horse_flute":3,"minecraft:wooden_axe":29,"twilightforest:firefly":1,"minecraft:bread":6,"tombstone:grave_key":3,"minecraft:stone_axe":22,"minecraft:wooden_sword":45,"immersive_weathering:permafrost":1,"minecraft:written_book":1,"minecraft:furnace":1,"minecraft:cooked_porkchop":5,"tombstone:gift":4,"minecraft:potato":1,"minecraft:smooth_stone":1},"minecraft:custom":{"minecraft:interact_with_furnace":7,"lootr:looted_stat":5,"minecraft:mob_kills":9,"minecraft:interact_with_crafting_table":21,"minecraft:damage_dealt_resisted":17,"minecraft:time_since_death":17996,"minecraft:climb_one_cm":57,"minecraft:time_since_rest":17884,"minecraft:sprint_one_cm":99862,"minecraft:damage_taken":2023,"minecraft:walk_one_cm":111476,"minecraft:drop":8,"minecraft:damage_dealt":1639,"minecraft:damage_dealt_absorbed":22,"minecraft:swim_one_cm":14605,"minecraft:fly_one_cm":315947,"minecraft:open_chest":2,"minecraft:crouch_one_cm":1175,"minecraft:play_time":48014,"tombstone:undead_killed":2,"minecraft:deaths":6,"minecraft:sneak_time":739,"minecraft:walk_under_water_one_cm":12618,"minecraft:jump":1093,"minecraft:walk_on_water_one_cm":3695,"minecraft:total_world_time":48014,"minecraft:fall_one_cm":33475},"minecraft:crafted":{"minecraft:wooden_sword":1,"minecraft:wooden_shovel":1,"quark:birch_chest":1,"minecraft:crafting_table":1,"minecraft:spruce_planks":8,"minecraft:wooden_pickaxe":1,"minecraft:furnace":1,"minecraft:birch_planks":20,"minecraft:stone_axe":1,"minecraft:charcoal":7,"minecraft:gold_nugget":9,"twilightforest:twilight_oak_planks":44,"minecraft:stick":16,"minecraft:stone_pickaxe":1,"minecraft:wooden_axe":1,"minecraft:stone_sword":1,"twilightforest:canopy_planks":24,"minecraft:torch":16},"minecraft:killed_by":{"twilightforest:redcap_sapper":1,"minecraft:skeleton":2,"twilightforest:kobold":2}},"DataVersion":3465}