{"stats":{"minecraft:custom":{"minecraft:time_since_rest":4677,"minecraft:play_time":4677,"minecraft:crouch_one_cm":94,"lootr:looted_stat":10,"minecraft:interact_with_furnace":4,"minecraft:sprint_one_cm":10606,"minecraft:damage_taken":99,"minecraft:walk_one_cm":7173,"minecraft:sneak_time":159,"minecraft:drop":7,"minecraft:jump":28,"minecraft:time_since_death":4677,"minecraft:total_world_time":4677,"minecraft:climb_one_cm":1368,"minecraft:fall_one_cm":1381,"minecraft:fly_one_cm":3699},"minecraft:picked_up":{"minecraft:dark_oak_planks":1},"minecraft:dropped":{"theoneprobe:probenote":1,"ars_nouveau:worn_notebook":1,"alexsmobs:animal_dictionary":1,"patchouli:guide_book":4},"minecraft:used":{"alexsmobs:animal_dictionary":1,"minecraft:leather_helmet":1,"minecraft:leather_boots":1},"minecraft:mined":{"minecraft:dark_oak_planks":1,"minecraft:glass_pane":2}},"DataVersion":3465}