{"stats":{"minecraft:crafted":{"minecraft:iron_boots":1,"minecraft:iron_chestplate":1,"minecraft:iron_helmet":1},"minecraft:killed_by":{"man:managgresive":1,"minecraft:skeleton":1},"minecraft:custom":{"minecraft:time_since_rest":1,"minecraft:interact_with_furnace":5,"lootr:looted_stat":30,"minecraft:sprint_one_cm":35183,"minecraft:damage_taken":826,"minecraft:walk_one_cm":34718,"minecraft:mob_kills":4,"minecraft:drop":15,"minecraft:damage_dealt":521,"minecraft:damage_dealt_absorbed":45,"minecraft:swim_one_cm":210,"minecraft:interact_with_crafting_table":5,"minecraft:fly_one_cm":17724,"minecraft:crouch_one_cm":98,"minecraft:deaths":2,"minecraft:play_time":16677,"tombstone:undead_killed":3,"minecraft:sneak_time":357,"minecraft:walk_under_water_one_cm":153,"minecraft:jump":144,"minecraft:damage_dealt_resisted":195,"minecraft:time_since_death":25,"minecraft:walk_on_water_one_cm":709,"minecraft:climb_one_cm":5113,"minecraft:total_world_time":16677,"minecraft:damage_resisted":0,"minecraft:fall_one_cm":7011},"minecraft:dropped":{"ars_nouveau:worn_notebook":1,"knightlib:small_essence":1,"relics:roller_skates":1,"alexsmobs:animal_dictionary":1,"minecraft:light_gray_bed":1,"theoneprobe:probenote":1,"minecraft:iron_helmet":2,"minecraft:iron_leggings":1,"minecraft:iron_boots":1,"minecraft:leather_helmet":1,"patchouli:guide_book":4},"minecraft:picked_up":{"relics:roller_skates":1,"minecraft:dark_oak_planks":1,"minecraft:arrow":3,"minecraft:bone":5,"minecraft:light_gray_bed":1,"artifacts:villager_hat":1,"knightlib:small_essence":2},"minecraft:killed":{"minecraft:skeleton":2,"minecraft:stray":1},"minecraft:used":{"minecraft:bread":1,"minecraft:leather_helmet":1,"minecraft:iron_sword":19,"tombstone:grave_key":2,"minecraft:leather_boots":1,"minecraft:iron_chestplate":1,"alexsmobs:animal_dictionary":1,"minecraft:iron_leggings":1},"minecraft:mined":{"minecraft:dark_oak_planks":1,"minecraft:glass_pane":2,"immersive_weathering:icicle":1}},"DataVersion":3465}