{"stats":{"minecraft:picked_up":{"irons_spellbooks:scroll":1,"minecraft:flower_pot":3,"minecraft:enchanted_book":1,"minecraft:stone_brick_stairs":1,"minecraft:cornflower":1,"paraglider:goddess_statue":4,"minecraft:stone_stairs":5,"irons_spellbooks:heavy_chain_necklace":1,"terramity:accursed_soul":8,"minecraft:smooth_stone":2,"minecraft:bucket":1,"minecraft:spruce_planks":10,"minecraft:spruce_trapdoor":8,"knightlib:small_essence":2,"minecraft:spruce_stairs":1,"minecraft:spruce_fence":1,"minecraft:trident":1,"minecraft:dark_oak_planks":1,"minecraft:light_gray_bed":2,"minecraft:arrow":6,"minecraft:rotten_flesh":2,"artifacts:villager_hat":1,"relics:horse_flute":2,"minecraft:iron_bars":2,"minecraft:snowball":88,"minecraft:cobblestone":60,"paraglider:paraglider":1,"minecraft:birch_log":3,"relics:roller_skates":1,"minecraft:tripwire_hook":1,"minecraft:acacia_wood":1,"minecraft:filled_map":1,"paraglider:spirit_orb":4,"terramity:topaz":1,"evilcraft:flesh_humanoid":1,"relics:spore_sack":1,"minecraft:dirt":4,"minecraft:leather_boots":1,"supplementaries:cartographers_quill":1,"minecraft:bone":13,"minecraft:stone_bricks":9,"minecraft:bow":1,"minecraft:oak_planks":1,"minecraft:book":3,"minecraft:diorite_wall":1,"minecraft:birch_boat":2,"relics:hunter_belt":2,"minecraft:gravel":2,"minecraft:stripped_spruce_log":1,"minecraft:lily_of_the_valley":2,"minecraft:mossy_cobblestone":3,"regions_unexplored:cattail":12,"waystones:waystone":2,"minecraft:dark_oak_fence":1,"terramity:gold_round":8},"minecraft:mined":{"minecraft:dark_oak_planks":1,"minecraft:dark_oak_fence":1,"minecraft:spruce_fence":6,"minecraft:spawner":2,"minecraft:smooth_stone":6,"minecraft:dirt_path":3,"minecraft:iron_bars":2,"immersive_weathering:ivy":2,"minecraft:stone":54,"minecraft:glass_pane":2,"immersive_weathering:icicle":1,"minecraft:snow_block":27,"minecraft:stone_slab":2,"minecraft:cobblestone":4,"minecraft:stone_stairs":5,"minecraft:birch_log":3,"minecraft:ice":1,"minecraft:gravel":5,"minecraft:dirt":1,"paraglider:goddess_statue":4},"minecraft:killed":{"minecraft:skeleton":4,"born_in_chaos_v1:corpse_fly":1,"minecraft:stray":1,"alexsmobs:crow":1},"minecraft:used":{"minecraft:iron_bars":2,"minecraft:iron_shovel":30,"minecraft:iron_sword":86,"minecraft:iron_chestplate":1,"paraglider:goddess_statue":3,"minecraft:dirt":1,"minecraft:iron_axe":7,"minecraft:goat_horn":19,"minecraft:acacia_wood":1,"scguns:choke_bomb":2,"minecraft:iron_leggings":1,"minecraft:water_bucket":9,"minecraft:birch_boat":1,"minecraft:leather_boots":1,"minecraft:crafting_table":1,"relics:horse_flute":1,"minecraft:bread":2,"minecraft:iron_pickaxe":87,"minecraft:leather_helmet":1,"tombstone:grave_key":11,"minecraft:spruce_trapdoor":2,"regions_unexplored:cattail":7,"minecraft:cobblestone":52,"minecraft:bucket":9,"alexsmobs:animal_dictionary":1,"minecraft:smooth_stone":3},"minecraft:custom":{"lootr:looted_stat":68,"minecraft:mob_kills":9,"minecraft:interact_with_crafting_table":8,"minecraft:damage_dealt_resisted":382,"minecraft:time_since_death":2000,"minecraft:climb_one_cm":16740,"minecraft:damage_resisted":0,"minecraft:sprint_one_cm":175665,"minecraft:walk_one_cm":187991,"minecraft:drop":99,"minecraft:damage_dealt_absorbed":185,"minecraft:talked_to_villager":4,"minecraft:play_time":74190,"minecraft:deaths":16,"minecraft:sneak_time":1362,"minecraft:walk_under_water_one_cm":4903,"minecraft:boat_one_cm":52978,"minecraft:jump":1064,"minecraft:walk_on_water_one_cm":22707,"minecraft:total_world_time":74190,"minecraft:interact_with_furnace":5,"minecraft:time_since_rest":1755,"minecraft:waystone_activated":2,"minecraft:damage_taken":6754,"minecraft:damage_dealt":3025,"minecraft:swim_one_cm":5019,"minecraft:fly_one_cm":156869,"minecraft:open_chest":1,"minecraft:crouch_one_cm":3645,"tombstone:undead_killed":5,"minecraft:interact_with_smoker":1,"minecraft:fall_one_cm":47669},"minecraft:dropped":{"minecraft:enchanted_book":1,"minecraft:stripped_spruce_log":1,"knightlib:small_essence":2,"minecraft:birch_planks":1,"minecraft:wheat_seeds":1,"terramity:electronic_scrap":1,"minecraft:mossy_cobblestone":3,"relics:ice_skates":1,"minecraft:iron_helmet":2,"minecraft:cobblestone":9,"minecraft:book":3,"terramity:topaz":1,"relics:horse_flute":3,"minecraft:spruce_stairs":1,"minecraft:leather_helmet":1,"minecraft:dirt":3,"ars_nouveau:worn_notebook":1,"relics:roller_skates":1,"minecraft:dark_oak_fence":1,"minecraft:cornflower":2,"minecraft:snowball":92,"theoneprobe:probenote":1,"minecraft:iron_leggings":2,"minecraft:smooth_stone":2,"paraglider:paraglider":1,"minecraft:tripwire_hook":1,"minecraft:bucket":1,"minecraft:bone":15,"minecraft:gravel":4,"relics:hunter_belt":1,"alexsmobs:animal_dictionary":1,"relics:solid_snowball":1,"tombstone:gift":2,"minecraft:rotten_flesh":2,"minecraft:oak_planks":2,"minecraft:iron_boots":1,"minecraft:stone_stairs":10,"terramity:music_sheet_of_untimely_death":6,"evilcraft:flesh_humanoid":8,"patchouli:guide_book":4,"minecraft:lily_of_the_valley":2,"irons_spellbooks:heavy_chain_necklace":1,"minecraft:filled_map":2,"regions_unexplored:cattail":5,"supplementaries:cartographers_quill":1,"minecraft:flower_pot":3,"minecraft:trident":2,"scguns:gun_grip":1,"minecraft:spruce_planks":10,"minecraft:spruce_trapdoor":6,"minecraft:diorite_wall":1,"minecraft:light_gray_bed":2,"minecraft:leather_boots":2,"terramity:accursed_soul":8,"minecraft:stone_bricks":9,"minecraft:birch_boat":2,"minecraft:bow":1,"minecraft:stone_brick_stairs":1},"minecraft:crafted":{"minecraft:birch_boat":1,"minecraft:iron_boots":1,"minecraft:iron_axe":1,"sophisticatedbackpacks:iron_backpack":1,"minecraft:crafting_table":1,"minecraft:iron_helmet":1,"minecraft:birch_planks":12,"minecraft:iron_chestplate":1,"minecraft:stick":4},"minecraft:killed_by":{"terramity:elite_skeleton":8,"terramity:simple_turret":3,"man:managgresive":1,"minecraft:skeleton":4}},"DataVersion":3465}