{"stats":{"minecraft:picked_up":{"minecraft:birch_log":3,"relics:roller_skates":1,"minecraft:flower_pot":3,"minecraft:acacia_wood":1,"minecraft:filled_map":1,"minecraft:stone_brick_stairs":1,"relics:spore_sack":1,"minecraft:cornflower":1,"minecraft:leather_boots":1,"minecraft:bone":7,"supplementaries:cartographers_quill":1,"minecraft:stone_bricks":9,"minecraft:bow":1,"minecraft:spruce_planks":10,"minecraft:oak_planks":1,"minecraft:spruce_trapdoor":8,"knightlib:small_essence":2,"minecraft:book":3,"minecraft:birch_boat":2,"minecraft:spruce_stairs":1,"minecraft:stripped_spruce_log":1,"minecraft:trident":1,"minecraft:lily_of_the_valley":2,"minecraft:dark_oak_planks":1,"regions_unexplored:cattail":12,"minecraft:arrow":6,"minecraft:light_gray_bed":1,"artifacts:villager_hat":1},"minecraft:mined":{"minecraft:dark_oak_planks":1,"minecraft:glass_pane":2,"immersive_weathering:icicle":1,"minecraft:smooth_stone":1,"minecraft:birch_log":3,"minecraft:ice":1,"immersive_weathering:ivy":2},"minecraft:killed":{"minecraft:skeleton":3,"minecraft:stray":1,"alexsmobs:crow":1},"minecraft:used":{"minecraft:birch_boat":1,"minecraft:iron_sword":37,"minecraft:leather_boots":1,"minecraft:iron_chestplate":1,"minecraft:crafting_table":1,"minecraft:bread":2,"minecraft:iron_pickaxe":2,"minecraft:leather_helmet":1,"minecraft:spruce_trapdoor":2,"tombstone:grave_key":3,"regions_unexplored:cattail":7,"minecraft:acacia_wood":1,"alexsmobs:animal_dictionary":1,"minecraft:iron_leggings":1},"minecraft:dropped":{"minecraft:stripped_spruce_log":1,"knightlib:small_essence":2,"minecraft:birch_planks":1,"minecraft:wheat_seeds":1,"alexsmobs:animal_dictionary":1,"tombstone:gift":1,"minecraft:iron_helmet":2,"minecraft:book":3,"minecraft:oak_planks":2,"minecraft:iron_boots":1,"terramity:music_sheet_of_untimely_death":1,"minecraft:spruce_stairs":1,"minecraft:leather_helmet":1,"patchouli:guide_book":4,"minecraft:lily_of_the_valley":2,"minecraft:filled_map":2,"regions_unexplored:cattail":5,"ars_nouveau:worn_notebook":1,"supplementaries:cartographers_quill":1,"minecraft:flower_pot":3,"minecraft:trident":2,"relics:roller_skates":1,"minecraft:spruce_trapdoor":6,"minecraft:spruce_planks":10,"minecraft:cornflower":2,"minecraft:light_gray_bed":1,"minecraft:leather_boots":2,"theoneprobe:probenote":1,"minecraft:iron_leggings":1,"minecraft:stone_bricks":9,"minecraft:birch_boat":2,"minecraft:bow":1,"minecraft:stone_brick_stairs":1,"minecraft:bone":7},"minecraft:custom":{"minecraft:interact_with_furnace":5,"lootr:looted_stat":34,"minecraft:mob_kills":6,"minecraft:interact_with_crafting_table":7,"minecraft:damage_dealt_resisted":380,"minecraft:time_since_death":11411,"minecraft:climb_one_cm":5823,"minecraft:damage_resisted":0,"minecraft:time_since_rest":11281,"minecraft:sprint_one_cm":71058,"minecraft:damage_taken":1791,"minecraft:walk_one_cm":70873,"minecraft:drop":47,"minecraft:damage_dealt":1130,"minecraft:damage_dealt_absorbed":185,"minecraft:swim_one_cm":2437,"minecraft:fly_one_cm":51053,"minecraft:crouch_one_cm":341,"minecraft:play_time":32846,"tombstone:undead_killed":4,"minecraft:deaths":3,"minecraft:sneak_time":436,"minecraft:walk_under_water_one_cm":2424,"minecraft:boat_one_cm":52978,"minecraft:jump":327,"minecraft:walk_on_water_one_cm":10010,"minecraft:total_world_time":32846,"minecraft:fall_one_cm":21020},"minecraft:crafted":{"minecraft:crafting_table":1,"minecraft:birch_boat":1,"minecraft:iron_helmet":1,"minecraft:birch_planks":12,"minecraft:iron_boots":1,"minecraft:iron_chestplate":1,"minecraft:iron_axe":1,"minecraft:stick":4},"minecraft:killed_by":{"man:managgresive":1,"minecraft:skeleton":2}},"DataVersion":3465}