{"stats":{"minecraft:picked_up":{"paraglider:paraglider":1,"minecraft:birch_log":3,"relics:roller_skates":1,"minecraft:flower_pot":3,"minecraft:tripwire_hook":1,"minecraft:acacia_wood":1,"minecraft:filled_map":1,"minecraft:enchanted_book":1,"minecraft:stone_brick_stairs":1,"relics:spore_sack":1,"paraglider:goddess_statue":2,"minecraft:cornflower":1,"minecraft:dirt":4,"irons_spellbooks:heavy_chain_necklace":1,"minecraft:leather_boots":1,"minecraft:bone":9,"supplementaries:cartographers_quill":1,"minecraft:stone_bricks":9,"minecraft:bow":1,"minecraft:bucket":1,"minecraft:spruce_planks":10,"minecraft:oak_planks":1,"minecraft:spruce_trapdoor":8,"knightlib:small_essence":2,"minecraft:book":3,"minecraft:diorite_wall":1,"minecraft:birch_boat":2,"relics:hunter_belt":2,"minecraft:spruce_stairs":1,"minecraft:stripped_spruce_log":1,"minecraft:trident":1,"minecraft:lily_of_the_valley":2,"minecraft:mossy_cobblestone":3,"minecraft:dark_oak_planks":1,"regions_unexplored:cattail":12,"minecraft:rotten_flesh":2,"minecraft:arrow":6,"minecraft:light_gray_bed":2,"artifacts:villager_hat":1,"relics:horse_flute":2,"waystones:waystone":2,"minecraft:dark_oak_fence":1,"minecraft:iron_bars":2,"minecraft:snowball":88,"minecraft:cobblestone":4,"irons_spellbooks:scroll":1},"minecraft:mined":{"minecraft:dark_oak_planks":1,"minecraft:glass_pane":2,"immersive_weathering:icicle":1,"minecraft:snow_block":27,"minecraft:dark_oak_fence":1,"minecraft:smooth_stone":1,"minecraft:birch_log":3,"minecraft:ice":1,"minecraft:dirt_path":3,"minecraft:iron_bars":2,"minecraft:dirt":1,"immersive_weathering:ivy":2,"paraglider:goddess_statue":2},"minecraft:killed":{"minecraft:skeleton":4,"minecraft:stray":1,"alexsmobs:crow":1},"minecraft:used":{"minecraft:water_bucket":9,"minecraft:iron_bars":2,"minecraft:iron_shovel":27,"minecraft:birch_boat":1,"minecraft:iron_sword":61,"minecraft:leather_boots":1,"minecraft:iron_chestplate":1,"paraglider:goddess_statue":1,"minecraft:dirt":1,"minecraft:crafting_table":1,"relics:horse_flute":1,"minecraft:bread":2,"minecraft:iron_axe":1,"minecraft:iron_pickaxe":9,"minecraft:leather_helmet":1,"minecraft:spruce_trapdoor":2,"tombstone:grave_key":4,"regions_unexplored:cattail":7,"minecraft:goat_horn":18,"minecraft:bucket":9,"minecraft:acacia_wood":1,"alexsmobs:animal_dictionary":1,"scguns:choke_bomb":2,"minecraft:iron_leggings":1},"minecraft:custom":{"minecraft:interact_with_furnace":5,"lootr:looted_stat":63,"minecraft:mob_kills":7,"minecraft:interact_with_crafting_table":8,"minecraft:damage_dealt_resisted":380,"minecraft:time_since_death":7980,"minecraft:climb_one_cm":16740,"minecraft:damage_resisted":0,"minecraft:time_since_rest":7838,"minecraft:waystone_activated":2,"minecraft:damage_taken":3367,"minecraft:sprint_one_cm":150231,"minecraft:walk_one_cm":142771,"minecraft:drop":78,"minecraft:damage_dealt":1990,"minecraft:damage_dealt_absorbed":185,"minecraft:swim_one_cm":5019,"minecraft:fly_one_cm":138119,"minecraft:talked_to_villager":4,"minecraft:open_chest":1,"minecraft:crouch_one_cm":1704,"minecraft:play_time":62190,"minecraft:sneak_time":775,"tombstone:undead_killed":5,"minecraft:deaths":5,"minecraft:walk_under_water_one_cm":4903,"minecraft:boat_one_cm":52978,"minecraft:jump":964,"minecraft:walk_on_water_one_cm":22707,"minecraft:total_world_time":62190,"minecraft:fall_one_cm":36351},"minecraft:dropped":{"minecraft:enchanted_book":1,"minecraft:stripped_spruce_log":1,"knightlib:small_essence":2,"minecraft:birch_planks":1,"minecraft:wheat_seeds":1,"relics:hunter_belt":1,"alexsmobs:animal_dictionary":1,"relics:solid_snowball":1,"minecraft:mossy_cobblestone":3,"tombstone:gift":2,"relics:ice_skates":1,"minecraft:rotten_flesh":2,"minecraft:iron_helmet":2,"minecraft:cobblestone":4,"minecraft:book":3,"minecraft:oak_planks":2,"minecraft:iron_boots":1,"relics:horse_flute":3,"terramity:music_sheet_of_untimely_death":2,"minecraft:spruce_stairs":1,"evilcraft:flesh_humanoid":1,"minecraft:leather_helmet":1,"patchouli:guide_book":4,"minecraft:lily_of_the_valley":2,"irons_spellbooks:heavy_chain_necklace":1,"minecraft:filled_map":2,"minecraft:dirt":3,"regions_unexplored:cattail":5,"ars_nouveau:worn_notebook":1,"minecraft:flower_pot":3,"supplementaries:cartographers_quill":1,"minecraft:trident":2,"scguns:gun_grip":1,"relics:roller_skates":1,"minecraft:dark_oak_fence":1,"minecraft:spruce_trapdoor":6,"minecraft:spruce_planks":10,"minecraft:cornflower":2,"minecraft:diorite_wall":1,"minecraft:light_gray_bed":2,"minecraft:leather_boots":2,"minecraft:snowball":92,"theoneprobe:probenote":1,"minecraft:iron_leggings":2,"minecraft:stone_bricks":9,"minecraft:birch_boat":2,"minecraft:bow":1,"paraglider:paraglider":1,"minecraft:stone_brick_stairs":1,"minecraft:tripwire_hook":1,"minecraft:bucket":1,"minecraft:bone":9},"minecraft:crafted":{"minecraft:crafting_table":1,"minecraft:birch_boat":1,"minecraft:iron_helmet":1,"minecraft:birch_planks":12,"minecraft:iron_boots":1,"minecraft:iron_chestplate":1,"minecraft:iron_axe":1,"minecraft:stick":4,"sophisticatedbackpacks:iron_backpack":1},"minecraft:killed_by":{"man:managgresive":1,"minecraft:skeleton":4}},"DataVersion":3465}