{"stats":{"minecraft:custom":{"minecraft:time_since_rest":11448,"minecraft:crouch_one_cm":155,"minecraft:sprint_one_cm":15218,"minecraft:interact_with_furnace":4,"lootr:looted_stat":17,"minecraft:play_time":11448,"minecraft:damage_taken":59,"minecraft:walk_one_cm":43679,"minecraft:sneak_time":118,"minecraft:walk_under_water_one_cm":734,"minecraft:drop":9,"minecraft:jump":28,"minecraft:damage_dealt":8,"minecraft:walk_on_water_one_cm":11,"minecraft:time_since_death":11448,"minecraft:total_world_time":11448,"minecraft:fall_one_cm":1719,"minecraft:fly_one_cm":5023},"minecraft:picked_up":{"minecraft:light_gray_bed":2,"patchouli:guide_book":1,"minecraft:spruce_log":2},"minecraft:dropped":{"theoneprobe:probenote":1,"relics:infinity_ham":1,"ars_nouveau:worn_notebook":1,"alexsmobs:animal_dictionary":1,"patchouli:guide_book":5},"minecraft:mined":{"minecraft:light_gray_bed":3,"minecraft:spruce_log":2},"minecraft:used":{"minecraft:water_bucket":2,"minecraft:iron_chestplate":1,"minecraft:leather_leggings":1,"minecraft:chainmail_boots":1,"minecraft:turtle_helmet":1,"minecraft:bucket":2,"minecraft:leather_boots":1}},"DataVersion":3465}