{"stats":{"minecraft:killed_by":{"minecraft:skeleton":3},"minecraft:custom":{"minecraft:time_since_rest":437,"minecraft:damage_taken":1380,"lootr:looted_stat":38,"minecraft:interact_with_furnace":5,"minecraft:sprint_one_cm":30108,"minecraft:walk_one_cm":94529,"minecraft:mob_kills":3,"minecraft:drop":13,"minecraft:damage_dealt":706,"minecraft:damage_dealt_absorbed":108,"minecraft:fly_one_cm":18255,"minecraft:crouch_one_cm":155,"minecraft:play_time":23448,"minecraft:deaths":3,"tombstone:undead_killed":3,"minecraft:sneak_time":210,"minecraft:walk_under_water_one_cm":3026,"minecraft:jump":137,"minecraft:damage_dealt_resisted":593,"minecraft:time_since_death":686,"minecraft:walk_on_water_one_cm":3389,"minecraft:total_world_time":23448,"minecraft:climb_one_cm":6448,"minecraft:fall_one_cm":9832},"minecraft:dropped":{"ars_nouveau:worn_notebook":1,"knightlib:small_essence":1,"relics:roller_skates":2,"alexsmobs:animal_dictionary":1,"theoneprobe:probenote":1,"relics:infinity_ham":1,"artifacts:villager_hat":1,"patchouli:guide_book":5},"minecraft:picked_up":{"relics:roller_skates":1,"patchouli:guide_book":1,"minecraft:spruce_log":2,"minecraft:bone":3,"minecraft:arrow":6,"minecraft:light_gray_bed":2,"knightlib:small_essence":4},"minecraft:killed":{"minecraft:skeleton":3},"minecraft:mined":{"immersive_weathering:icicle":4,"minecraft:spruce_log":2,"minecraft:light_gray_bed":3},"minecraft:used":{"minecraft:water_bucket":14,"minecraft:leather_leggings":1,"minecraft:iron_sword":31,"tombstone:grave_key":3,"minecraft:leather_boots":1,"minecraft:iron_chestplate":1,"minecraft:bow":1,"minecraft:chainmail_boots":1,"minecraft:turtle_helmet":1,"minecraft:bucket":14}},"DataVersion":3465}