{"stats":{"minecraft:picked_up":{"minecraft:stone_slab":6,"minecraft:stone_brick_wall":2,"minecraft:enchanted_book":1,"terramity:copper_round":4,"minecraft:cornflower":1,"minecraft:stone_stairs":5,"minecraft:iron_leggings":1,"minecraft:item_frame":1,"minecraft:cyan_carpet":1,"terramity:electronic_scrap":1,"irons_spellbooks:conjurers_talisman":1,"minecraft:bucket":1,"minecraft:spruce_planks":5,"minecraft:spruce_slab":5,"minecraft:iron_boots":1,"knightlib:small_essence":6,"minecraft:tipped_arrow":2,"apotheosis:gem":2,"minecraft:rotten_flesh":6,"minecraft:arrow":9,"minecraft:light_gray_bed":3,"relics:horse_flute":1,"supplementaries:ash":1,"minecraft:white_wool":2,"minecraft:iron_bars":2,"minecraft:cod":2,"minecraft:cobblestone":10,"minecraft:cracked_deepslate_tiles":1,"paraglider:paraglider":1,"minecraft:birch_log":8,"relics:roller_skates":1,"minecraft:tripwire_hook":1,"evilcraft:flesh_humanoid":1,"irons_spellbooks:concentration_amulet":1,"tombstone:gift":1,"scguns:gun_grip":1,"bhc:red_heart":1,"minecraft:bone":17,"minecraft:stone_bricks":16,"minecraft:kelp":8,"minecraft:wheat_seeds":3,"terramity:music_sheet_of_untimely_death":1,"minecraft:diorite_wall":1,"minecraft:birch_boat":2,"irons_spellbooks:frozen_bone":10,"patchouli:guide_book":1,"minecraft:gravel":4,"minecraft:stripped_spruce_log":2,"terramity:flare_gun":1,"minecraft:spruce_log":2,"minecraft:mossy_cobblestone":6,"minecraft:leather_helmet":1,"regions_unexplored:cattail":16,"minecraft:white_candle":3,"born_in_chaos_v1:rotten_fish":1,"terramity:gold_round":3},"minecraft:mined":{"minecraft:spruce_planks":5,"minecraft:mossy_cobblestone":3,"regions_unexplored:cattail":32,"minecraft:light_gray_bed":3,"minecraft:spruce_leaves":1,"minecraft:kelp":7,"minecraft:tall_seagrass":3,"minecraft:stripped_spruce_log":3,"minecraft:bookshelf":1,"minecraft:iron_bars":2,"minecraft:packed_ice":1,"minecraft:azalea_leaves":2,"immersive_weathering:icicle":5,"minecraft:stone_slab":2,"minecraft:tall_grass":2,"minecraft:cobblestone":4,"minecraft:white_candle":1,"minecraft:birch_log":6,"minecraft:ice":1,"minecraft:spruce_log":2,"minecraft:tnt":2,"minecraft:grass":3,"minecraft:cracked_deepslate_tiles":1,"minecraft:diorite_wall":1,"minecraft:cyan_carpet":1},"minecraft:killed":{"creeperoverhaul:snowy_creeper":1,"minecraft:skeleton":6,"born_in_chaos_v1:corpse_fish":2,"undead_revamp2:thespitter":1,"undead_revamp2:the_moonflower":1,"born_in_chaos_v1:decrepit_skeleton":1,"minecraft:polar_bear":1,"born_in_chaos_v1:corpse_fly":1,"minecraft:stray":2},"minecraft:used":{"terramity:onyx_sword":1,"minecraft:spruce_planks":5,"minecraft:iron_sword":96,"minecraft:iron_chestplate":1,"minecraft:stone_stairs":4,"minecraft:iron_axe":18,"minecraft:iron_boots":1,"minecraft:stone_bricks":1,"minecraft:bow":3,"tombstone:gift":1,"minecraft:iron_leggings":1,"minecraft:water_bucket":33,"minecraft:leather_leggings":1,"minecraft:birch_boat":2,"minecraft:chainmail_helmet":1,"minecraft:leather_boots":1,"minecraft:white_wool":2,"minecraft:crafting_table":2,"relics:horse_flute":2,"minecraft:iron_pickaxe":16,"tombstone:grave_key":7,"minecraft:enchanted_book":1,"minecraft:cobblestone":1,"minecraft:chainmail_boots":1,"minecraft:turtle_helmet":1,"minecraft:bucket":32,"minecraft:experience_bottle":2},"minecraft:custom":{"lootr:looted_stat":80,"minecraft:mob_kills":17,"minecraft:interact_with_crafting_table":7,"minecraft:damage_dealt_resisted":673,"minecraft:time_since_death":2834,"minecraft:climb_one_cm":11496,"minecraft:damage_resisted":0,"minecraft:sprint_one_cm":205544,"minecraft:walk_one_cm":248680,"minecraft:drop":121,"minecraft:damage_dealt_absorbed":108,"minecraft:play_time":82511,"minecraft:deaths":10,"minecraft:sneak_time":628,"minecraft:walk_under_water_one_cm":17828,"minecraft:boat_one_cm":45330,"minecraft:jump":830,"minecraft:walk_on_water_one_cm":22188,"minecraft:total_world_time":82511,"minecraft:interact_with_furnace":5,"minecraft:time_since_rest":2608,"minecraft:waystone_activated":1,"minecraft:damage_taken":7565,"minecraft:damage_dealt":3956,"tombstone:cast_on_ally":1,"minecraft:swim_one_cm":3748,"minecraft:fly_one_cm":130060,"minecraft:open_chest":1,"minecraft:crouch_one_cm":2189,"tombstone:undead_killed":11,"minecraft:fall_one_cm":37092},"minecraft:dropped":{"minecraft:enchanted_book":1,"minecraft:bread":51,"minecraft:iron_sword":1,"minecraft:stripped_spruce_log":2,"knightlib:small_essence":4,"relics:spore_sack":1,"minecraft:wheat_seeds":3,"irons_spellbooks:concentration_amulet":1,"minecraft:mossy_cobblestone":6,"minecraft:cobblestone":9,"relics:infinity_ham":1,"minecraft:apple":16,"relics:horse_flute":1,"minecraft:leather_helmet":1,"minecraft:cod":4,"minecraft:item_frame":1,"irons_spellbooks:scroll":1,"ars_nouveau:worn_notebook":1,"relics:roller_skates":3,"minecraft:cornflower":2,"minecraft:cracked_deepslate_tiles":1,"theoneprobe:probenote":1,"terramity:flare_gun":1,"paraglider:paraglider":1,"minecraft:tripwire_hook":1,"irons_spellbooks:frozen_bone":10,"minecraft:bucket":1,"minecraft:cyan_carpet":1,"minecraft:spruce_sapling":9,"minecraft:bone":8,"minecraft:gravel":4,"minecraft:kelp":8,"minecraft:sweet_berries":52,"relics:hunter_belt":1,"alexsmobs:animal_dictionary":1,"terramity:cardboard":1,"tombstone:gift":3,"born_in_chaos_v1:rotten_fish":1,"minecraft:rotten_flesh":6,"artifacts:villager_hat":1,"minecraft:iron_boots":1,"minecraft:white_candle":3,"minecraft:stone_slab":6,"minecraft:stone_stairs":1,"terramity:music_sheet_of_untimely_death":1,"evilcraft:flesh_humanoid":2,"patchouli:guide_book":5,"irons_spellbooks:heavy_chain_necklace":1,"regions_unexplored:cattail":16,"minecraft:potato":64,"minecraft:tipped_arrow":2,"irons_spellbooks:conjurers_talisman":2,"minecraft:diorite_wall":1,"apotheosis:gem":2,"minecraft:stone_brick_wall":2,"minecraft:light_gray_bed":1,"minecraft:leather_boots":1,"minecraft:chainmail_boots":1,"minecraft:leather_leggings":1,"minecraft:stone_bricks":15,"minecraft:spruce_log":2,"minecraft:spruce_slab":5,"minecraft:birch_boat":1,"minecraft:iron_bars":2},"minecraft:crafted":{"minecraft:birch_boat":1,"sophisticatedbackpacks:iron_backpack":1,"minecraft:crafting_table":2,"terramity:onyx_sword":1,"sophisticatedbackpacks:gold_backpack":1,"minecraft:birch_planks":32,"minecraft:stick":4},"minecraft:killed_by":{"terramity:elite_skeleton":3,"irons_spellbooks:cryomancer":1,"terramity:simple_turret":1,"minecraft:skeleton":5}},"DataVersion":3465}