{"stats":{"minecraft:picked_up":{"minecraft:cracked_deepslate_tiles":1,"minecraft:birch_log":8,"relics:roller_skates":1,"minecraft:stone_brick_wall":2,"minecraft:cornflower":1,"tombstone:gift":1,"minecraft:item_frame":1,"bhc:red_heart":1,"minecraft:bone":9,"minecraft:cyan_carpet":1,"minecraft:stone_bricks":16,"minecraft:kelp":8,"irons_spellbooks:conjurers_talisman":1,"minecraft:wheat_seeds":3,"minecraft:spruce_slab":5,"terramity:music_sheet_of_untimely_death":1,"minecraft:iron_boots":1,"knightlib:small_essence":6,"minecraft:tipped_arrow":2,"apotheosis:gem":2,"irons_spellbooks:frozen_bone":10,"minecraft:birch_boat":2,"patchouli:guide_book":1,"minecraft:stripped_spruce_log":2,"minecraft:spruce_log":2,"minecraft:leather_helmet":1,"regions_unexplored:cattail":16,"minecraft:white_candle":3,"minecraft:arrow":7,"minecraft:light_gray_bed":2,"relics:horse_flute":1,"born_in_chaos_v1:rotten_fish":1,"minecraft:cod":2},"minecraft:mined":{"immersive_weathering:icicle":4,"regions_unexplored:cattail":32,"minecraft:light_gray_bed":3,"minecraft:tall_grass":2,"minecraft:white_candle":1,"minecraft:kelp":7,"minecraft:tall_seagrass":3,"minecraft:birch_log":6,"minecraft:ice":1,"minecraft:spruce_log":2,"minecraft:stripped_spruce_log":3,"minecraft:grass":3,"minecraft:cracked_deepslate_tiles":1,"minecraft:cyan_carpet":1,"minecraft:packed_ice":1},"minecraft:killed":{"undead_revamp2:the_moonflower":1,"minecraft:polar_bear":1,"minecraft:skeleton":4,"minecraft:stray":2,"born_in_chaos_v1:corpse_fish":2},"minecraft:used":{"minecraft:water_bucket":33,"minecraft:leather_leggings":1,"minecraft:birch_boat":2,"minecraft:iron_sword":53,"minecraft:leather_boots":1,"minecraft:iron_chestplate":1,"relics:horse_flute":2,"minecraft:iron_axe":9,"minecraft:iron_pickaxe":4,"tombstone:grave_key":3,"minecraft:stone_bricks":1,"minecraft:bow":3,"minecraft:chainmail_boots":1,"minecraft:turtle_helmet":1,"minecraft:bucket":32,"minecraft:iron_leggings":1},"minecraft:custom":{"minecraft:interact_with_furnace":5,"lootr:looted_stat":62,"minecraft:mob_kills":10,"minecraft:interact_with_crafting_table":3,"minecraft:damage_dealt_resisted":673,"minecraft:time_since_death":24668,"minecraft:climb_one_cm":8191,"minecraft:waystone_activated":1,"minecraft:time_since_rest":24469,"minecraft:damage_taken":3414,"minecraft:sprint_one_cm":118100,"minecraft:walk_one_cm":171423,"minecraft:drop":83,"minecraft:damage_dealt":1996,"minecraft:damage_dealt_absorbed":108,"minecraft:swim_one_cm":3748,"minecraft:fly_one_cm":66089,"minecraft:play_time":52905,"minecraft:crouch_one_cm":312,"minecraft:sneak_time":220,"tombstone:undead_killed":7,"minecraft:deaths":4,"minecraft:walk_under_water_one_cm":17033,"minecraft:boat_one_cm":45330,"minecraft:jump":486,"minecraft:walk_on_water_one_cm":18717,"minecraft:total_world_time":52905,"minecraft:fall_one_cm":28749},"minecraft:dropped":{"minecraft:bread":51,"minecraft:iron_sword":1,"minecraft:stripped_spruce_log":2,"knightlib:small_essence":4,"minecraft:kelp":8,"minecraft:sweet_berries":52,"relics:spore_sack":1,"minecraft:wheat_seeds":3,"relics:hunter_belt":1,"alexsmobs:animal_dictionary":1,"terramity:cardboard":1,"tombstone:gift":3,"born_in_chaos_v1:rotten_fish":1,"relics:infinity_ham":1,"artifacts:villager_hat":1,"minecraft:white_candle":3,"minecraft:apple":16,"relics:horse_flute":1,"terramity:music_sheet_of_untimely_death":1,"minecraft:leather_helmet":1,"patchouli:guide_book":5,"minecraft:cod":4,"minecraft:item_frame":1,"regions_unexplored:cattail":16,"ars_nouveau:worn_notebook":1,"minecraft:potato":64,"minecraft:tipped_arrow":2,"relics:roller_skates":3,"irons_spellbooks:conjurers_talisman":2,"minecraft:cornflower":2,"apotheosis:gem":2,"minecraft:cracked_deepslate_tiles":1,"minecraft:stone_brick_wall":2,"minecraft:leather_boots":1,"minecraft:chainmail_boots":1,"theoneprobe:probenote":1,"minecraft:leather_leggings":1,"minecraft:stone_bricks":15,"minecraft:spruce_log":2,"minecraft:spruce_slab":5,"irons_spellbooks:frozen_bone":10,"minecraft:bucket":1,"minecraft:cyan_carpet":1,"minecraft:spruce_sapling":9,"minecraft:bone":4},"minecraft:crafted":{"minecraft:birch_boat":1,"minecraft:birch_planks":32},"minecraft:killed_by":{"minecraft:skeleton":4}},"DataVersion":3465}