{"stats":{"minecraft:mined":{"minecraft:skeleton_skull":1,"minecraft:cobbled_deepslate_slab":5,"minecraft:polished_deepslate_slab":4,"minecraft:iron_bars":1,"minecraft:cobweb":6,"minecraft:tall_grass":4,"minecraft:spruce_leaves":1,"minecraft:iron_door":1,"minecraft:fern":1},"minecraft:killed_by":{"alexsmobs:crocodile":1},"minecraft:used":{"minecraft:grass_block":3,"minecraft:iron_pickaxe":14,"minecraft:shield":1,"minecraft:iron_sword":10,"minecraft:iron_door":1,"minecraft:dirt":12},"minecraft:picked_up":{"minecraft:polished_deepslate_slab":3,"minecraft:iron_door":1,"minecraft:string":6,"alexsmobs:raw_catfish":1,"minecraft:wheat_seeds":1,"minecraft:cobbled_deepslate_slab":5,"minecraft:bone_meal":1,"minecraft:iron_bars":1,"minecraft:skeleton_skull":1},"minecraft:custom":{"minecraft:time_since_rest":5601,"lootr:looted_stat":36,"minecraft:sprint_one_cm":70834,"minecraft:damage_taken":634,"minecraft:walk_one_cm":57675,"minecraft:damage_dealt":293,"minecraft:interact_with_crafting_table":1,"minecraft:fly_one_cm":82141,"minecraft:player_kills":1,"minecraft:crouch_one_cm":2009,"minecraft:play_time":23731,"minecraft:deaths":1,"minecraft:sneak_time":504,"minecraft:jump":324,"minecraft:interact_with_grindstone":1,"minecraft:interact_with_blast_furnace":1,"minecraft:leave_game":1,"minecraft:walk_on_water_one_cm":3733,"minecraft:time_since_death":6070,"minecraft:sleep_in_bed":1,"minecraft:climb_one_cm":1195,"minecraft:total_world_time":23731,"minecraft:damage_resisted":0,"minecraft:fall_one_cm":4252},"minecraft:crafted":{"minecraft:bread":2}},"DataVersion":3465}