{"stats":{"minecraft:custom":{"minecraft:time_since_rest":3,"minecraft:crouch_one_cm":372,"minecraft:play_time":18133,"lootr:looted_stat":36,"minecraft:sprint_one_cm":70834,"minecraft:deaths":1,"minecraft:damage_taken":554,"minecraft:walk_one_cm":56868,"minecraft:sneak_time":44,"minecraft:jump":305,"minecraft:interact_with_grindstone":1,"minecraft:damage_dealt":293,"minecraft:interact_with_blast_furnace":1,"minecraft:leave_game":1,"minecraft:time_since_death":472,"minecraft:walk_on_water_one_cm":3733,"minecraft:player_kills":1,"minecraft:sleep_in_bed":1,"minecraft:total_world_time":18133,"minecraft:climb_one_cm":1195,"minecraft:damage_resisted":0,"minecraft:interact_with_crafting_table":1,"minecraft:fall_one_cm":3171,"minecraft:fly_one_cm":82141},"minecraft:killed_by":{"alexsmobs:crocodile":1},"minecraft:mined":{"minecraft:skeleton_skull":1,"minecraft:cobbled_deepslate_slab":5,"minecraft:polished_deepslate_slab":4,"minecraft:iron_bars":1,"minecraft:cobweb":6,"minecraft:tall_grass":4,"minecraft:spruce_leaves":1,"minecraft:iron_door":1,"minecraft:fern":1},"minecraft:crafted":{"minecraft:bread":2},"minecraft:used":{"minecraft:iron_pickaxe":14,"minecraft:shield":1,"minecraft:iron_sword":10,"minecraft:iron_door":1},"minecraft:picked_up":{"alexsmobs:raw_catfish":1,"minecraft:polished_deepslate_slab":3,"minecraft:iron_door":1,"minecraft:wheat_seeds":1,"minecraft:cobbled_deepslate_slab":5,"minecraft:bone_meal":1,"minecraft:skeleton_skull":1,"minecraft:iron_bars":1,"minecraft:string":6}},"DataVersion":3465}