{"stats":{"minecraft:killed_by":{"man:managgresive":3,"alexsmobs:crocodile":1},"minecraft:custom":{"minecraft:time_since_rest":8252,"lootr:looted_stat":43,"minecraft:sprint_one_cm":115961,"minecraft:damage_taken":1780,"minecraft:walk_one_cm":94171,"tombstone:sneak_grave":1,"minecraft:mob_kills":1,"minecraft:drop":2,"minecraft:damage_dealt":807,"minecraft:interact_with_crafting_table":1,"minecraft:player_kills":1,"minecraft:swim_one_cm":1118,"minecraft:fly_one_cm":129380,"minecraft:talked_to_villager":1,"minecraft:crouch_one_cm":4732,"minecraft:play_time":53524,"minecraft:deaths":4,"minecraft:sneak_time":1445,"minecraft:walk_under_water_one_cm":875,"minecraft:jump":561,"minecraft:interact_with_grindstone":1,"minecraft:leave_game":3,"minecraft:interact_with_blast_furnace":1,"minecraft:time_since_death":8498,"minecraft:walk_on_water_one_cm":7014,"minecraft:sleep_in_bed":1,"minecraft:total_world_time":53524,"minecraft:climb_one_cm":2441,"minecraft:damage_resisted":0,"minecraft:fall_one_cm":7823},"minecraft:killed":{"minecraft:trader_llama":1},"minecraft:used":{"minecraft:moss_block":1,"minecraft:grass_block":3,"minecraft:iron_pickaxe":14,"minecraft:shield":1,"minecraft:iron_door":1,"minecraft:iron_sword":17,"tombstone:grave_key":3,"immersive_weathering:golden_moss_clump":1,"minecraft:dirt":12,"minecraft:hay_block":5,"tombstone:gift":4,"minecraft:yellow_carpet":1},"minecraft:crafted":{"minecraft:bread":2},"minecraft:dropped":{"minecraft:wheat_seeds":1,"tombstone:grave_dust":1},"minecraft:mined":{"minecraft:skeleton_skull":1,"minecraft:hay_block":3,"quark:azalea_log":9,"minecraft:sea_lantern":2,"minecraft:black_bed":1,"minecraft:cobbled_deepslate_slab":5,"minecraft:grass":16,"minecraft:polished_deepslate_slab":4,"minecraft:iron_bars":1,"minecraft:dirt":7,"minecraft:cobweb":6,"minecraft:tall_grass":23,"minecraft:spruce_leaves":1,"irons_spellbooks:inscription_table":1,"minecraft:iron_door":1,"minecraft:fern":1},"minecraft:picked_up":{"regions_unexplored:duckweed":1,"minecraft:polished_deepslate_slab":3,"minecraft:iron_door":1,"minecraft:leather":2,"minecraft:black_bed":1,"minecraft:lead":2,"minecraft:red_mushroom":1,"evilcraft:flesh_humanoid":1,"minecraft:prismarine_crystals":2,"minecraft:string":6,"minecraft:dirt":7,"alexsmobs:raw_catfish":1,"minecraft:yellow_carpet":1,"minecraft:wheat_seeds":4,"minecraft:cobbled_deepslate_slab":5,"minecraft:hay_block":3,"minecraft:bone_meal":1,"minecraft:redstone_torch":1,"minecraft:moss_block":1,"minecraft:iron_bars":1,"irons_spellbooks:inscription_table":1,"minecraft:skeleton_skull":1}},"DataVersion":3465}