{"stats":{"minecraft:killed_by":{"quark:forgotten":2,"twilightforest:skeleton_druid":1,"minecraft:skeleton":2,"undead_revamp2:clogger":2,"minecraft:zombie":1},"minecraft:custom":{"minecraft:time_since_rest":1715,"lootr:looted_stat":43,"minecraft:sprint_one_cm":145458,"minecraft:damage_taken":3357,"minecraft:walk_one_cm":87183,"minecraft:mob_kills":9,"minecraft:drop":14,"minecraft:damage_dealt":3091,"minecraft:damage_dealt_absorbed":211,"minecraft:swim_one_cm":4280,"minecraft:fly_one_cm":166922,"minecraft:play_time":58125,"minecraft:crouch_one_cm":1573,"minecraft:sneak_time":1045,"minecraft:open_chest":2,"tombstone:undead_killed":5,"minecraft:deaths":9,"minecraft:walk_under_water_one_cm":1229,"minecraft:jump":585,"minecraft:damage_dealt_resisted":207,"minecraft:leave_game":2,"minecraft:time_since_death":1997,"minecraft:walk_on_water_one_cm":4202,"minecraft:total_world_time":58125,"minecraft:climb_one_cm":4342,"minecraft:fall_one_cm":42529},"minecraft:dropped":{"minecraft:water_bucket":1,"minecraft:wheat_seeds":7,"minecraft:allium":1,"minecraft:diamond":1,"minecraft:beef":1,"minecraft:grass_block":2,"evilcraft:flesh_humanoid":1,"regions_unexplored:felicia_daisy":17,"regions_unexplored:daisy":36},"minecraft:picked_up":{"minecraft:book":33,"minecraft:raw_iron":6,"apotheosis:gem":1,"minecraft:leather":1,"paraglider:spirit_orb":6,"minecraft:jungle_planks":6,"minecraft:grass_block":1,"regions_unexplored:daisy":19,"minecraft:lantern":1,"minecraft:dark_prismarine":3,"minecraft:bundle":1,"minecraft:oak_wood":3,"twilightforest:raw_venison":3,"minecraft:cyan_carpet":1,"minecraft:rotten_flesh":1,"terramity:accursed_soul":12,"minecraft:wheat_seeds":4,"minecraft:soul_lantern":2,"regions_unexplored:felicia_daisy":9,"minecraft:beef":1,"relics:infinity_ham":1,"minecraft:emerald":1,"twilightforest:torchberries":2,"minecraft:coal":20,"minecraft:cobblestone":3},"minecraft:killed":{"twilightforest:deer":1,"minecraft:zombie":2,"twilightforest:tiny_bird":1,"twilightforest:skeleton_druid":3,"minecraft:cow":1,"born_in_chaos_v1:maggot":1},"minecraft:used":{"minecraft:water_bucket":5,"minecraft:grass_block":4,"minecraft:iron_axe":28,"minecraft:bread":13,"minecraft:iron_pickaxe":40,"minecraft:iron_sword":67,"tombstone:grave_key":18,"minecraft:jungle_planks":4,"minecraft:allium":8,"tombstone:gift":1},"minecraft:mined":{"minecraft:dark_prismarine":3,"minecraft:iron_ore":6,"regions_unexplored:pine_leaves":1,"minecraft:grass":1,"minecraft:emerald_ore":1,"minecraft:oak_wood":5,"minecraft:bookshelf":11,"minecraft:coal_ore":20,"minecraft:jungle_planks":7,"minecraft:cyan_carpet":1,"minecraft:packed_ice":3,"minecraft:stone":3,"minecraft:fern":1,"minecraft:spawner":3}},"DataVersion":3465}