{"stats":{"minecraft:killed_by":{"man:managgresive":2,"alexsmobs:crocodile":1},"minecraft:custom":{"minecraft:time_since_rest":3691,"lootr:looted_stat":36,"minecraft:sprint_one_cm":94550,"minecraft:damage_taken":1502,"minecraft:walk_one_cm":75273,"tombstone:sneak_grave":1,"minecraft:drop":2,"minecraft:damage_dealt":481,"minecraft:interact_with_crafting_table":1,"minecraft:fly_one_cm":95958,"minecraft:player_kills":1,"minecraft:crouch_one_cm":3954,"minecraft:play_time":40769,"minecraft:deaths":3,"minecraft:sneak_time":1196,"minecraft:jump":430,"minecraft:interact_with_grindstone":1,"minecraft:interact_with_blast_furnace":1,"minecraft:leave_game":1,"minecraft:walk_on_water_one_cm":5202,"minecraft:time_since_death":5074,"minecraft:sleep_in_bed":1,"minecraft:climb_one_cm":1195,"minecraft:total_world_time":40769,"minecraft:damage_resisted":0,"minecraft:fall_one_cm":5176},"minecraft:used":{"minecraft:moss_block":1,"minecraft:grass_block":3,"minecraft:iron_pickaxe":14,"minecraft:shield":1,"minecraft:iron_sword":17,"tombstone:grave_key":2,"minecraft:iron_door":1,"minecraft:dirt":12,"tombstone:gift":4},"minecraft:crafted":{"minecraft:bread":2},"minecraft:dropped":{"minecraft:wheat_seeds":1,"tombstone:grave_dust":1},"minecraft:mined":{"minecraft:skeleton_skull":1,"minecraft:cobbled_deepslate_slab":5,"minecraft:grass":10,"minecraft:polished_deepslate_slab":4,"minecraft:iron_bars":1,"minecraft:dirt":7,"minecraft:cobweb":6,"minecraft:tall_grass":16,"minecraft:spruce_leaves":1,"minecraft:iron_door":1,"minecraft:fern":1},"minecraft:picked_up":{"regions_unexplored:duckweed":1,"minecraft:polished_deepslate_slab":3,"minecraft:iron_door":1,"evilcraft:flesh_humanoid":1,"minecraft:string":6,"minecraft:dirt":7,"alexsmobs:raw_catfish":1,"minecraft:wheat_seeds":4,"minecraft:cobbled_deepslate_slab":5,"minecraft:bone_meal":1,"minecraft:moss_block":1,"minecraft:iron_bars":1,"minecraft:skeleton_skull":1}},"DataVersion":3465}