{"stats":{"minecraft:custom":{"minecraft:jump":94,"minecraft:time_since_rest":6126,"minecraft:interact_with_grindstone":1,"minecraft:damage_dealt":20,"minecraft:interact_with_blast_furnace":1,"lootr:looted_stat":30,"minecraft:sprint_one_cm":28280,"minecraft:play_time":6126,"minecraft:walk_on_water_one_cm":1401,"minecraft:time_since_death":6126,"minecraft:walk_one_cm":10412,"minecraft:sneak_time":5,"minecraft:climb_one_cm":206,"minecraft:total_world_time":6126,"minecraft:interact_with_crafting_table":1,"minecraft:fall_one_cm":420,"minecraft:fly_one_cm":23287},"minecraft:crafted":{"minecraft:bread":2}},"DataVersion":3465}