{"stats":{"minecraft:killed_by":{"twilightforest:skeleton_druid":1,"minecraft:skeleton":2},"minecraft:killed":{"twilightforest:deer":1,"twilightforest:tiny_bird":1,"twilightforest:skeleton_druid":3,"minecraft:cow":1},"minecraft:dropped":{"minecraft:wheat_seeds":1,"minecraft:diamond":1,"minecraft:grass_block":1},"minecraft:used":{"minecraft:water_bucket":5,"minecraft:grass_block":4,"minecraft:iron_axe":28,"minecraft:bread":10,"minecraft:iron_pickaxe":37,"minecraft:iron_sword":32,"tombstone:grave_key":10,"minecraft:jungle_planks":4,"minecraft:allium":8,"tombstone:gift":1},"minecraft:custom":{"minecraft:time_since_rest":7212,"lootr:looted_stat":24,"minecraft:sprint_one_cm":83813,"minecraft:damage_taken":1596,"minecraft:walk_one_cm":42697,"minecraft:mob_kills":6,"minecraft:drop":3,"minecraft:damage_dealt":1384,"minecraft:damage_dealt_absorbed":211,"minecraft:swim_one_cm":640,"minecraft:fly_one_cm":69552,"minecraft:play_time":24275,"minecraft:crouch_one_cm":1136,"minecraft:open_chest":2,"minecraft:sneak_time":795,"tombstone:undead_killed":3,"minecraft:deaths":3,"minecraft:walk_under_water_one_cm":102,"minecraft:jump":263,"minecraft:damage_dealt_resisted":207,"minecraft:leave_game":1,"minecraft:time_since_death":7377,"minecraft:walk_on_water_one_cm":353,"minecraft:climb_one_cm":2984,"minecraft:total_world_time":24275,"minecraft:fall_one_cm":21944},"minecraft:picked_up":{"minecraft:book":33,"minecraft:raw_iron":6,"minecraft:leather":1,"paraglider:spirit_orb":2,"minecraft:jungle_planks":6,"minecraft:grass_block":1,"minecraft:lantern":1,"minecraft:dark_prismarine":3,"minecraft:bundle":1,"minecraft:oak_wood":3,"twilightforest:raw_venison":3,"minecraft:cyan_carpet":1,"terramity:accursed_soul":5,"minecraft:wheat_seeds":1,"minecraft:soul_lantern":2,"minecraft:beef":1,"minecraft:emerald":1,"twilightforest:torchberries":2,"minecraft:coal":20,"minecraft:cobblestone":3},"minecraft:mined":{"minecraft:dark_prismarine":3,"minecraft:iron_ore":6,"minecraft:grass":1,"minecraft:oak_wood":5,"minecraft:emerald_ore":1,"minecraft:bookshelf":11,"minecraft:coal_ore":20,"minecraft:jungle_planks":7,"minecraft:cyan_carpet":1,"minecraft:packed_ice":3,"minecraft:stone":3,"minecraft:fern":1,"minecraft:spawner":1}},"DataVersion":3465}