{"stats":{"minecraft:picked_up":{"scguns:sandbag":1,"minecraft:tripwire_hook":2,"minecraft:leather":1,"minecraft:stone_brick_wall":2,"paraglider:spirit_orb":6,"minecraft:cornflower":1,"minecraft:dirt":16,"minecraft:lantern":1,"minecraft:white_carpet":9,"twilightforest:raw_venison":3,"minecraft:bone":3,"minecraft:cyan_carpet":2,"minecraft:apple":11,"terramity:accursed_soul":12,"minecraft:wheat_seeds":5,"minecraft:beef":1,"relics:infinity_ham":1,"minecraft:iron_nugget":1,"minecraft:birch_sapling":1,"irons_spellbooks:inscription_table":1,"knightlib:small_essence":3,"minecraft:book":33,"iceandfire:dragonbone":17,"minecraft:raw_iron":6,"apotheosis:gem":2,"minecraft:diorite_wall":1,"minecraft:birch_boat":2,"minecraft:jungle_planks":6,"tombstone:grave_dust":1,"minecraft:grass_block":1,"regions_unexplored:daisy":19,"minecraft:mossy_cobblestone":3,"minecraft:dark_prismarine":3,"iceandfire:dragon_skull_ice":1,"regions_unexplored:cattail":9,"minecraft:bundle":1,"minecraft:oak_wood":3,"minecraft:rotten_flesh":1,"minecraft:soul_lantern":2,"regions_unexplored:felicia_daisy":9,"minecraft:emerald":1,"minecraft:light_gray_carpet":3,"minecraft:andesite_slab":1,"twilightforest:torchberries":2,"minecraft:coal":20,"minecraft:cobblestone":12},"minecraft:mined":{"minecraft:dark_prismarine":3,"minecraft:light_gray_carpet":3,"immersive_weathering:grassy_permafrost":1,"scguns:sandbag":1,"regions_unexplored:cattail":3,"minecraft:emerald_ore":1,"minecraft:oak_wood":5,"regions_unexplored:peat_grass_block":1,"minecraft:jungle_planks":7,"minecraft:andesite_slab":1,"minecraft:cobblestone":1,"regions_unexplored:maple_leaves":1,"minecraft:spawner":3,"immersive_weathering:permafrost":2,"minecraft:iron_ore":6,"minecraft:white_carpet":9,"regions_unexplored:pine_leaves":1,"minecraft:grass":1,"minecraft:bookshelf":11,"minecraft:coal_ore":20,"minecraft:cyan_carpet":1,"minecraft:dirt":1,"minecraft:packed_ice":3,"regions_unexplored:medium_grass":4,"irons_spellbooks:inscription_table":1,"minecraft:stone":3,"minecraft:oak_leaves":2,"minecraft:fern":1},"minecraft:killed":{"twilightforest:deer":1,"twilightforest:skeleton_druid":3,"born_in_chaos_v1:maggot":1,"minecraft:zombie":2,"twilightforest:tiny_bird":1,"minecraft:cow":1},"minecraft:used":{"minecraft:water_bucket":5,"scguns:sandbag":1,"minecraft:andesite_slab":1,"minecraft:iron_sword":86,"minecraft:dirt":1,"minecraft:jungle_planks":4,"minecraft:allium":8,"minecraft:grass_block":4,"minecraft:iron_axe":29,"minecraft:bread":13,"minecraft:iron_pickaxe":47,"tombstone:grave_key":21,"minecraft:goat_horn":2,"tombstone:gift":2},"minecraft:custom":{"lootr:looted_stat":62,"minecraft:mob_kills":9,"minecraft:interact_with_crafting_table":1,"minecraft:damage_dealt_resisted":207,"minecraft:leave_game":4,"minecraft:time_since_death":3813,"minecraft:climb_one_cm":5561,"minecraft:damage_resisted":0,"minecraft:time_since_rest":3442,"minecraft:sprint_one_cm":264289,"minecraft:damage_taken":5563,"minecraft:walk_one_cm":145529,"minecraft:drop":31,"minecraft:damage_dealt":3409,"minecraft:damage_dealt_absorbed":211,"minecraft:swim_one_cm":23805,"minecraft:fly_one_cm":299529,"minecraft:open_chest":3,"minecraft:crouch_one_cm":2807,"minecraft:play_time":92406,"tombstone:undead_killed":5,"minecraft:deaths":13,"minecraft:sneak_time":1516,"minecraft:walk_under_water_one_cm":4209,"minecraft:jump":1085,"minecraft:walk_on_water_one_cm":10678,"minecraft:total_world_time":92406,"minecraft:fall_one_cm":71426},"minecraft:dropped":{"minecraft:water_bucket":1,"minecraft:wheat_seeds":8,"minecraft:mossy_cobblestone":3,"minecraft:diamond":1,"minecraft:birch_sapling":1,"minecraft:white_carpet":9,"minecraft:cobblestone":8,"minecraft:light_gray_carpet":3,"minecraft:grass_block":2,"evilcraft:flesh_humanoid":1,"regions_unexplored:daisy":36,"minecraft:dirt":15,"regions_unexplored:cattail":9,"minecraft:allium":1,"minecraft:cornflower":1,"minecraft:diorite_wall":1,"minecraft:stone_brick_wall":2,"minecraft:birch_boat":1,"minecraft:beef":1,"minecraft:tripwire_hook":2,"minecraft:cyan_carpet":1,"regions_unexplored:felicia_daisy":17},"minecraft:killed_by":{"irons_spellbooks:cryomancer":1,"knightquest:eldknight":2,"twilightforest:skeleton_druid":1,"minecraft:skeleton":3,"minecraft:zombie":1,"quark:forgotten":2,"undead_revamp2:clogger":2}},"DataVersion":3465}