{"stats":{"minecraft:killed_by":{"quark:forgotten":2,"twilightforest:skeleton_druid":1,"minecraft:skeleton":2,"minecraft:zombie":1},"minecraft:killed":{"twilightforest:deer":1,"minecraft:zombie":2,"twilightforest:tiny_bird":1,"twilightforest:skeleton_druid":3,"minecraft:cow":1,"born_in_chaos_v1:maggot":1},"minecraft:used":{"minecraft:water_bucket":5,"minecraft:grass_block":4,"minecraft:iron_axe":28,"minecraft:bread":11,"minecraft:iron_pickaxe":40,"minecraft:iron_sword":67,"tombstone:grave_key":12,"minecraft:jungle_planks":4,"minecraft:allium":8,"tombstone:gift":1},"minecraft:dropped":{"minecraft:water_bucket":1,"minecraft:wheat_seeds":1,"minecraft:allium":1,"minecraft:diamond":1,"minecraft:beef":1,"evilcraft:flesh_humanoid":1,"minecraft:grass_block":2},"minecraft:custom":{"minecraft:time_since_rest":7066,"lootr:looted_stat":39,"minecraft:sprint_one_cm":114144,"minecraft:damage_taken":2412,"minecraft:walk_one_cm":61138,"minecraft:mob_kills":9,"minecraft:drop":8,"minecraft:damage_dealt":3091,"minecraft:damage_dealt_absorbed":211,"minecraft:swim_one_cm":4280,"minecraft:fly_one_cm":125273,"minecraft:play_time":36275,"minecraft:crouch_one_cm":1235,"minecraft:open_chest":2,"minecraft:sneak_time":915,"tombstone:undead_killed":5,"minecraft:deaths":6,"minecraft:walk_under_water_one_cm":1229,"minecraft:jump":408,"minecraft:damage_dealt_resisted":207,"minecraft:leave_game":1,"minecraft:time_since_death":7084,"minecraft:walk_on_water_one_cm":2980,"minecraft:climb_one_cm":3408,"minecraft:total_world_time":36275,"minecraft:fall_one_cm":25942},"minecraft:picked_up":{"minecraft:book":33,"minecraft:raw_iron":6,"apotheosis:gem":1,"minecraft:leather":1,"paraglider:spirit_orb":6,"minecraft:jungle_planks":6,"minecraft:grass_block":1,"minecraft:rotten_flesh":1,"minecraft:lantern":1,"minecraft:dark_prismarine":3,"minecraft:bundle":1,"minecraft:oak_wood":3,"twilightforest:raw_venison":3,"minecraft:cyan_carpet":1,"terramity:accursed_soul":12,"minecraft:wheat_seeds":1,"minecraft:soul_lantern":2,"minecraft:beef":1,"minecraft:emerald":1,"twilightforest:torchberries":2,"minecraft:coal":20,"minecraft:cobblestone":3},"minecraft:mined":{"minecraft:dark_prismarine":3,"minecraft:iron_ore":6,"minecraft:grass":1,"minecraft:oak_wood":5,"minecraft:emerald_ore":1,"minecraft:bookshelf":11,"minecraft:coal_ore":20,"minecraft:jungle_planks":7,"minecraft:cyan_carpet":1,"minecraft:packed_ice":3,"minecraft:stone":3,"minecraft:fern":1,"minecraft:spawner":3}},"DataVersion":3465}