{"stats":{"minecraft:picked_up":{"minecraft:tripwire_hook":1,"minecraft:leather":1,"minecraft:stone_brick_wall":2,"paraglider:spirit_orb":6,"minecraft:cornflower":1,"minecraft:dirt":15,"minecraft:lantern":1,"twilightforest:raw_venison":3,"minecraft:cyan_carpet":2,"minecraft:apple":11,"terramity:accursed_soul":12,"minecraft:wheat_seeds":4,"minecraft:beef":1,"relics:infinity_ham":1,"minecraft:birch_sapling":1,"irons_spellbooks:inscription_table":1,"knightlib:small_essence":3,"minecraft:book":33,"minecraft:raw_iron":6,"apotheosis:gem":2,"minecraft:birch_boat":1,"minecraft:jungle_planks":6,"minecraft:grass_block":1,"regions_unexplored:daisy":19,"minecraft:dark_prismarine":3,"minecraft:bundle":1,"minecraft:oak_wood":3,"minecraft:rotten_flesh":1,"minecraft:soul_lantern":2,"regions_unexplored:felicia_daisy":9,"minecraft:emerald":1,"minecraft:andesite_slab":1,"minecraft:coal":20,"twilightforest:torchberries":2,"minecraft:cobblestone":3},"minecraft:mined":{"minecraft:dark_prismarine":3,"minecraft:emerald_ore":1,"minecraft:oak_wood":5,"minecraft:jungle_planks":7,"minecraft:andesite_slab":1,"regions_unexplored:maple_leaves":1,"minecraft:spawner":3,"minecraft:iron_ore":6,"regions_unexplored:pine_leaves":1,"minecraft:grass":1,"minecraft:bookshelf":11,"minecraft:coal_ore":20,"minecraft:cyan_carpet":1,"minecraft:packed_ice":3,"irons_spellbooks:inscription_table":1,"minecraft:stone":3,"minecraft:fern":1},"minecraft:killed":{"twilightforest:deer":1,"twilightforest:skeleton_druid":3,"born_in_chaos_v1:maggot":1,"minecraft:zombie":2,"twilightforest:tiny_bird":1,"minecraft:cow":1},"minecraft:used":{"minecraft:water_bucket":5,"minecraft:andesite_slab":1,"minecraft:iron_sword":69,"minecraft:jungle_planks":4,"minecraft:allium":8,"minecraft:grass_block":4,"minecraft:iron_axe":29,"minecraft:bread":13,"minecraft:iron_pickaxe":42,"tombstone:grave_key":18,"tombstone:gift":1},"minecraft:custom":{"lootr:looted_stat":50,"minecraft:mob_kills":9,"minecraft:damage_dealt_resisted":207,"minecraft:leave_game":3,"minecraft:time_since_death":14419,"minecraft:climb_one_cm":4342,"minecraft:damage_resisted":0,"minecraft:time_since_rest":14137,"minecraft:sprint_one_cm":184752,"minecraft:damage_taken":3944,"minecraft:walk_one_cm":112563,"minecraft:drop":14,"minecraft:damage_dealt":3111,"minecraft:damage_dealt_absorbed":211,"minecraft:swim_one_cm":14678,"minecraft:fly_one_cm":205142,"minecraft:open_chest":2,"minecraft:crouch_one_cm":2137,"minecraft:play_time":70547,"tombstone:undead_killed":5,"minecraft:deaths":9,"minecraft:sneak_time":1294,"minecraft:walk_under_water_one_cm":3780,"minecraft:jump":727,"minecraft:walk_on_water_one_cm":8141,"minecraft:total_world_time":70547,"minecraft:fall_one_cm":57095},"minecraft:dropped":{"minecraft:water_bucket":1,"minecraft:wheat_seeds":7,"minecraft:diamond":1,"evilcraft:flesh_humanoid":1,"minecraft:grass_block":2,"regions_unexplored:daisy":36,"minecraft:allium":1,"minecraft:beef":1,"regions_unexplored:felicia_daisy":17},"minecraft:killed_by":{"twilightforest:skeleton_druid":1,"minecraft:skeleton":2,"minecraft:zombie":1,"quark:forgotten":2,"undead_revamp2:clogger":2}},"DataVersion":3465}